Section,Target Set,Count,Column4,Row,Col,RawDataPath,File Name,Plate Barcode,IBT Barcode,Conc,CELL LINE,RUN,SET,notes
A - 1,Summary,11461,,A,1,\\CTCRFile1.ad.tamhsc.edu\CTCR-Stor1$\MDA_KatelynFosterHandley_AnilSood\screen\raw data\run2\4x_DAPI\4x_DAPI_28610_1\4x_DAPI_28610_1.2019.09.25.16.05.17.CSV,4x_DAPI_28610_1.2019.09.25.16.05.17.CSV,28610,Day3,,A2780ip2,2,2,20190916
A - 2,Summary,11624,,A,2,\\CTCRFile1.ad.tamhsc.edu\CTCR-Stor1$\MDA_KatelynFosterHandley_AnilSood\screen\raw data\run2\4x_DAPI\4x_DAPI_28610_1\4x_DAPI_28610_1.2019.09.25.16.05.17.CSV,4x_DAPI_28610_1.2019.09.25.16.05.17.CSV,28610,Day3,,A2780ip2,2,2,20190916
A - 3,Summary,11479,,A,3,\\CTCRFile1.ad.tamhsc.edu\CTCR-Stor1$\MDA_KatelynFosterHandley_AnilSood\screen\raw data\run2\4x_DAPI\4x_DAPI_28610_1\4x_DAPI_28610_1.2019.09.25.16.05.17.CSV,4x_DAPI_28610_1.2019.09.25.16.05.17.CSV,28610,Day3,,A2780ip2,2,2,20190916
A - 4,Summary,11746,,A,4,\\CTCRFile1.ad.tamhsc.edu\CTCR-Stor1$\MDA_KatelynFosterHandley_AnilSood\screen\raw data\run2\4x_DAPI\4x_DAPI_28610_1\4x_DAPI_28610_1.2019.09.25.16.05.17.CSV,4x_DAPI_28610_1.2019.09.25.16.05.17.CSV,28610,Day3,,A2780ip2,2,2,20190916
A - 5,Summary,11252,,A,5,\\CTCRFile1.ad.tamhsc.edu\CTCR-Stor1$\MDA_KatelynFosterHandley_AnilSood\screen\raw data\run2\4x_DAPI\4x_DAPI_28610_1\4x_DAPI_28610_1.2019.09.25.16.05.17.CSV,4x_DAPI_28610_1.2019.09.25.16.05.17.CSV,28610,Day3,,A2780ip2,2,2,20190916
A - 6,Summary,11618,,A,6,\\CTCRFile1.ad.tamhsc.edu\CTCR-Stor1$\MDA_KatelynFosterHandley_AnilSood\screen\raw data\run2\4x_DAPI\4x_DAPI_28610_1\4x_DAPI_28610_1.2019.09.25.16.05.17.CSV,4x_DAPI_28610_1.2019.09.25.16.05.17.CSV,28610,Day3,,A2780ip2,2,2,20190916
A - 7,Summary,11513,,A,7,\\CTCRFile1.ad.tamhsc.edu\CTCR-Stor1$\MDA_KatelynFosterHandley_AnilSood\screen\raw data\run2\4x_DAPI\4x_DAPI_28610_1\4x_DAPI_28610_1.2019.09.25.16.05.17.CSV,4x_DAPI_28610_1.2019.09.25.16.05.17.CSV,28610,Day3,,A2780ip2,2,2,20190916
A - 8,Summary,10363,,A,8,\\CTCRFile1.ad.tamhsc.edu\CTCR-Stor1$\MDA_KatelynFosterHandley_AnilSood\screen\raw data\run2\4x_DAPI\4x_DAPI_28610_1\4x_DAPI_28610_1.2019.09.25.16.05.17.CSV,4x_DAPI_28610_1.2019.09.25.16.05.17.CSV,28610,Day3,,A2780ip2,2,2,20190916
A - 9,Summary,11136,,A,9,\\CTCRFile1.ad.tamhsc.edu\CTCR-Stor1$\MDA_KatelynFosterHandley_AnilSood\screen\raw data\run2\4x_DAPI\4x_DAPI_28610_1\4x_DAPI_28610_1.2019.09.25.16.05.17.CSV,4x_DAPI_28610_1.2019.09.25.16.05.17.CSV,28610,Day3,,A2780ip2,2,2,20190916
A - 10,Summary,11456,,A,10,\\CTCRFile1.ad.tamhsc.edu\CTCR-Stor1$\MDA_KatelynFosterHandley_AnilSood\screen\raw data\run2\4x_DAPI\4x_DAPI_28610_1\4x_DAPI_28610_1.2019.09.25.16.05.17.CSV,4x_DAPI_28610_1.2019.09.25.16.05.17.CSV,28610,Day3,,A2780ip2,2,2,20190916
A - 11,Summary,11204,,A,11,\\CTCRFile1.ad.tamhsc.edu\CTCR-Stor1$\MDA_KatelynFosterHandley_AnilSood\screen\raw data\run2\4x_DAPI\4x_DAPI_28610_1\4x_DAPI_28610_1.2019.09.25.16.05.17.CSV,4x_DAPI_28610_1.2019.09.25.16.05.17.CSV,28610,Day3,,A2780ip2,2,2,20190916
A - 12,Summary,10755,,A,12,\\CTCRFile1.ad.tamhsc.edu\CTCR-Stor1$\MDA_KatelynFosterHandley_AnilSood\screen\raw data\run2\4x_DAPI\4x_DAPI_28610_1\4x_DAPI_28610_1.2019.09.25.16.05.17.CSV,4x_DAPI_28610_1.2019.09.25.16.05.17.CSV,28610,Day3,,A2780ip2,2,2,20190916
A - 13,Summary,12648,,A,13,\\CTCRFile1.ad.tamhsc.edu\CTCR-Stor1$\MDA_KatelynFosterHandley_AnilSood\screen\raw data\run2\4x_DAPI\4x_DAPI_28610_1\4x_DAPI_28610_1.2019.09.25.16.05.17.CSV,4x_DAPI_28610_1.2019.09.25.16.05.17.CSV,28610,Day3,,A2780ip2,2,2,20190916
A - 14,Summary,11409,,A,14,\\CTCRFile1.ad.tamhsc.edu\CTCR-Stor1$\MDA_KatelynFosterHandley_AnilSood\screen\raw data\run2\4x_DAPI\4x_DAPI_28610_1\4x_DAPI_28610_1.2019.09.25.16.05.17.CSV,4x_DAPI_28610_1.2019.09.25.16.05.17.CSV,28610,Day3,,A2780ip2,2,2,20190916
A - 15,Summary,12028,,A,15,\\CTCRFile1.ad.tamhsc.edu\CTCR-Stor1$\MDA_KatelynFosterHandley_AnilSood\screen\raw data\run2\4x_DAPI\4x_DAPI_28610_1\4x_DAPI_28610_1.2019.09.25.16.05.17.CSV,4x_DAPI_28610_1.2019.09.25.16.05.17.CSV,28610,Day3,,A2780ip2,2,2,20190916
A - 16,Summary,11944,,A,16,\\CTCRFile1.ad.tamhsc.edu\CTCR-Stor1$\MDA_KatelynFosterHandley_AnilSood\screen\raw data\run2\4x_DAPI\4x_DAPI_28610_1\4x_DAPI_28610_1.2019.09.25.16.05.17.CSV,4x_DAPI_28610_1.2019.09.25.16.05.17.CSV,28610,Day3,,A2780ip2,2,2,20190916
A - 17,Summary,11214,,A,17,\\CTCRFile1.ad.tamhsc.edu\CTCR-Stor1$\MDA_KatelynFosterHandley_AnilSood\screen\raw data\run2\4x_DAPI\4x_DAPI_28610_1\4x_DAPI_28610_1.2019.09.25.16.05.17.CSV,4x_DAPI_28610_1.2019.09.25.16.05.17.CSV,28610,Day3,,A2780ip2,2,2,20190916
A - 18,Summary,11528,,A,18,\\CTCRFile1.ad.tamhsc.edu\CTCR-Stor1$\MDA_KatelynFosterHandley_AnilSood\screen\raw data\run2\4x_DAPI\4x_DAPI_28610_1\4x_DAPI_28610_1.2019.09.25.16.05.17.CSV,4x_DAPI_28610_1.2019.09.25.16.05.17.CSV,28610,Day3,,A2780ip2,2,2,20190916
A - 19,Summary,11440,,A,19,\\CTCRFile1.ad.tamhsc.edu\CTCR-Stor1$\MDA_KatelynFosterHandley_AnilSood\screen\raw data\run2\4x_DAPI\4x_DAPI_28610_1\4x_DAPI_28610_1.2019.09.25.16.05.17.CSV,4x_DAPI_28610_1.2019.09.25.16.05.17.CSV,28610,Day3,,A2780ip2,2,2,20190916
A - 20,Summary,11470,,A,20,\\CTCRFile1.ad.tamhsc.edu\CTCR-Stor1$\MDA_KatelynFosterHandley_AnilSood\screen\raw data\run2\4x_DAPI\4x_DAPI_28610_1\4x_DAPI_28610_1.2019.09.25.16.05.17.CSV,4x_DAPI_28610_1.2019.09.25.16.05.17.CSV,28610,Day3,,A2780ip2,2,2,20190916
A - 21,Summary,11936,,A,21,\\CTCRFile1.ad.tamhsc.edu\CTCR-Stor1$\MDA_KatelynFosterHandley_AnilSood\screen\raw data\run2\4x_DAPI\4x_DAPI_28610_1\4x_DAPI_28610_1.2019.09.25.16.05.17.CSV,4x_DAPI_28610_1.2019.09.25.16.05.17.CSV,28610,Day3,,A2780ip2,2,2,20190916
A - 22,Summary,11878,,A,22,\\CTCRFile1.ad.tamhsc.edu\CTCR-Stor1$\MDA_KatelynFosterHandley_AnilSood\screen\raw data\run2\4x_DAPI\4x_DAPI_28610_1\4x_DAPI_28610_1.2019.09.25.16.05.17.CSV,4x_DAPI_28610_1.2019.09.25.16.05.17.CSV,28610,Day3,,A2780ip2,2,2,20190916
A - 23,Summary,12324,,A,23,\\CTCRFile1.ad.tamhsc.edu\CTCR-Stor1$\MDA_KatelynFosterHandley_AnilSood\screen\raw data\run2\4x_DAPI\4x_DAPI_28610_1\4x_DAPI_28610_1.2019.09.25.16.05.17.CSV,4x_DAPI_28610_1.2019.09.25.16.05.17.CSV,28610,Day3,,A2780ip2,2,2,20190916
A - 24,Summary,11622,,A,24,\\CTCRFile1.ad.tamhsc.edu\CTCR-Stor1$\MDA_KatelynFosterHandley_AnilSood\screen\raw data\run2\4x_DAPI\4x_DAPI_28610_1\4x_DAPI_28610_1.2019.09.25.16.05.17.CSV,4x_DAPI_28610_1.2019.09.25.16.05.17.CSV,28610,Day3,,A2780ip2,2,2,20190916
B - 1,Summary,11716,,B,1,\\CTCRFile1.ad.tamhsc.edu\CTCR-Stor1$\MDA_KatelynFosterHandley_AnilSood\screen\raw data\run2\4x_DAPI\4x_DAPI_28610_1\4x_DAPI_28610_1.2019.09.25.16.05.17.CSV,4x_DAPI_28610_1.2019.09.25.16.05.17.CSV,28610,Day3,,A2780ip2,2,2,20190916
B - 2,Summary,11826,,B,2,\\CTCRFile1.ad.tamhsc.edu\CTCR-Stor1$\MDA_KatelynFosterHandley_AnilSood\screen\raw data\run2\4x_DAPI\4x_DAPI_28610_1\4x_DAPI_28610_1.2019.09.25.16.05.17.CSV,4x_DAPI_28610_1.2019.09.25.16.05.17.CSV,28610,Day3,,A2780ip2,2,2,20190916
B - 3,Summary,12388,,B,3,\\CTCRFile1.ad.tamhsc.edu\CTCR-Stor1$\MDA_KatelynFosterHandley_AnilSood\screen\raw data\run2\4x_DAPI\4x_DAPI_28610_1\4x_DAPI_28610_1.2019.09.25.16.05.17.CSV,4x_DAPI_28610_1.2019.09.25.16.05.17.CSV,28610,Day3,,A2780ip2,2,2,20190916
B - 4,Summary,11085,,B,4,\\CTCRFile1.ad.tamhsc.edu\CTCR-Stor1$\MDA_KatelynFosterHandley_AnilSood\screen\raw data\run2\4x_DAPI\4x_DAPI_28610_1\4x_DAPI_28610_1.2019.09.25.16.05.17.CSV,4x_DAPI_28610_1.2019.09.25.16.05.17.CSV,28610,Day3,,A2780ip2,2,2,20190916
B - 5,Summary,11845,,B,5,\\CTCRFile1.ad.tamhsc.edu\CTCR-Stor1$\MDA_KatelynFosterHandley_AnilSood\screen\raw data\run2\4x_DAPI\4x_DAPI_28610_1\4x_DAPI_28610_1.2019.09.25.16.05.17.CSV,4x_DAPI_28610_1.2019.09.25.16.05.17.CSV,28610,Day3,,A2780ip2,2,2,20190916
B - 6,Summary,10853,,B,6,\\CTCRFile1.ad.tamhsc.edu\CTCR-Stor1$\MDA_KatelynFosterHandley_AnilSood\screen\raw data\run2\4x_DAPI\4x_DAPI_28610_1\4x_DAPI_28610_1.2019.09.25.16.05.17.CSV,4x_DAPI_28610_1.2019.09.25.16.05.17.CSV,28610,Day3,,A2780ip2,2,2,20190916
B - 7,Summary,11498,,B,7,\\CTCRFile1.ad.tamhsc.edu\CTCR-Stor1$\MDA_KatelynFosterHandley_AnilSood\screen\raw data\run2\4x_DAPI\4x_DAPI_28610_1\4x_DAPI_28610_1.2019.09.25.16.05.17.CSV,4x_DAPI_28610_1.2019.09.25.16.05.17.CSV,28610,Day3,,A2780ip2,2,2,20190916
B - 8,Summary,11521,,B,8,\\CTCRFile1.ad.tamhsc.edu\CTCR-Stor1$\MDA_KatelynFosterHandley_AnilSood\screen\raw data\run2\4x_DAPI\4x_DAPI_28610_1\4x_DAPI_28610_1.2019.09.25.16.05.17.CSV,4x_DAPI_28610_1.2019.09.25.16.05.17.CSV,28610,Day3,,A2780ip2,2,2,20190916
B - 9,Summary,11947,,B,9,\\CTCRFile1.ad.tamhsc.edu\CTCR-Stor1$\MDA_KatelynFosterHandley_AnilSood\screen\raw data\run2\4x_DAPI\4x_DAPI_28610_1\4x_DAPI_28610_1.2019.09.25.16.05.17.CSV,4x_DAPI_28610_1.2019.09.25.16.05.17.CSV,28610,Day3,,A2780ip2,2,2,20190916
B - 10,Summary,11958,,B,10,\\CTCRFile1.ad.tamhsc.edu\CTCR-Stor1$\MDA_KatelynFosterHandley_AnilSood\screen\raw data\run2\4x_DAPI\4x_DAPI_28610_1\4x_DAPI_28610_1.2019.09.25.16.05.17.CSV,4x_DAPI_28610_1.2019.09.25.16.05.17.CSV,28610,Day3,,A2780ip2,2,2,20190916
B - 11,Summary,11922,,B,11,\\CTCRFile1.ad.tamhsc.edu\CTCR-Stor1$\MDA_KatelynFosterHandley_AnilSood\screen\raw data\run2\4x_DAPI\4x_DAPI_28610_1\4x_DAPI_28610_1.2019.09.25.16.05.17.CSV,4x_DAPI_28610_1.2019.09.25.16.05.17.CSV,28610,Day3,,A2780ip2,2,2,20190916
B - 12,Summary,11877,,B,12,\\CTCRFile1.ad.tamhsc.edu\CTCR-Stor1$\MDA_KatelynFosterHandley_AnilSood\screen\raw data\run2\4x_DAPI\4x_DAPI_28610_1\4x_DAPI_28610_1.2019.09.25.16.05.17.CSV,4x_DAPI_28610_1.2019.09.25.16.05.17.CSV,28610,Day3,,A2780ip2,2,2,20190916
B - 13,Summary,12152,,B,13,\\CTCRFile1.ad.tamhsc.edu\CTCR-Stor1$\MDA_KatelynFosterHandley_AnilSood\screen\raw data\run2\4x_DAPI\4x_DAPI_28610_1\4x_DAPI_28610_1.2019.09.25.16.05.17.CSV,4x_DAPI_28610_1.2019.09.25.16.05.17.CSV,28610,Day3,,A2780ip2,2,2,20190916
B - 14,Summary,11908,,B,14,\\CTCRFile1.ad.tamhsc.edu\CTCR-Stor1$\MDA_KatelynFosterHandley_AnilSood\screen\raw data\run2\4x_DAPI\4x_DAPI_28610_1\4x_DAPI_28610_1.2019.09.25.16.05.17.CSV,4x_DAPI_28610_1.2019.09.25.16.05.17.CSV,28610,Day3,,A2780ip2,2,2,20190916
B - 15,Summary,12254,,B,15,\\CTCRFile1.ad.tamhsc.edu\CTCR-Stor1$\MDA_KatelynFosterHandley_AnilSood\screen\raw data\run2\4x_DAPI\4x_DAPI_28610_1\4x_DAPI_28610_1.2019.09.25.16.05.17.CSV,4x_DAPI_28610_1.2019.09.25.16.05.17.CSV,28610,Day3,,A2780ip2,2,2,20190916
B - 16,Summary,12087,,B,16,\\CTCRFile1.ad.tamhsc.edu\CTCR-Stor1$\MDA_KatelynFosterHandley_AnilSood\screen\raw data\run2\4x_DAPI\4x_DAPI_28610_1\4x_DAPI_28610_1.2019.09.25.16.05.17.CSV,4x_DAPI_28610_1.2019.09.25.16.05.17.CSV,28610,Day3,,A2780ip2,2,2,20190916
B - 17,Summary,11079,,B,17,\\CTCRFile1.ad.tamhsc.edu\CTCR-Stor1$\MDA_KatelynFosterHandley_AnilSood\screen\raw data\run2\4x_DAPI\4x_DAPI_28610_1\4x_DAPI_28610_1.2019.09.25.16.05.17.CSV,4x_DAPI_28610_1.2019.09.25.16.05.17.CSV,28610,Day3,,A2780ip2,2,2,20190916
B - 18,Summary,11277,,B,18,\\CTCRFile1.ad.tamhsc.edu\CTCR-Stor1$\MDA_KatelynFosterHandley_AnilSood\screen\raw data\run2\4x_DAPI\4x_DAPI_28610_1\4x_DAPI_28610_1.2019.09.25.16.05.17.CSV,4x_DAPI_28610_1.2019.09.25.16.05.17.CSV,28610,Day3,,A2780ip2,2,2,20190916
B - 19,Summary,11097,,B,19,\\CTCRFile1.ad.tamhsc.edu\CTCR-Stor1$\MDA_KatelynFosterHandley_AnilSood\screen\raw data\run2\4x_DAPI\4x_DAPI_28610_1\4x_DAPI_28610_1.2019.09.25.16.05.17.CSV,4x_DAPI_28610_1.2019.09.25.16.05.17.CSV,28610,Day3,,A2780ip2,2,2,20190916
B - 20,Summary,12819,,B,20,\\CTCRFile1.ad.tamhsc.edu\CTCR-Stor1$\MDA_KatelynFosterHandley_AnilSood\screen\raw data\run2\4x_DAPI\4x_DAPI_28610_1\4x_DAPI_28610_1.2019.09.25.16.05.17.CSV,4x_DAPI_28610_1.2019.09.25.16.05.17.CSV,28610,Day3,,A2780ip2,2,2,20190916
B - 21,Summary,12306,,B,21,\\CTCRFile1.ad.tamhsc.edu\CTCR-Stor1$\MDA_KatelynFosterHandley_AnilSood\screen\raw data\run2\4x_DAPI\4x_DAPI_28610_1\4x_DAPI_28610_1.2019.09.25.16.05.17.CSV,4x_DAPI_28610_1.2019.09.25.16.05.17.CSV,28610,Day3,,A2780ip2,2,2,20190916
B - 22,Summary,12522,,B,22,\\CTCRFile1.ad.tamhsc.edu\CTCR-Stor1$\MDA_KatelynFosterHandley_AnilSood\screen\raw data\run2\4x_DAPI\4x_DAPI_28610_1\4x_DAPI_28610_1.2019.09.25.16.05.17.CSV,4x_DAPI_28610_1.2019.09.25.16.05.17.CSV,28610,Day3,,A2780ip2,2,2,20190916
B - 23,Summary,11205,,B,23,\\CTCRFile1.ad.tamhsc.edu\CTCR-Stor1$\MDA_KatelynFosterHandley_AnilSood\screen\raw data\run2\4x_DAPI\4x_DAPI_28610_1\4x_DAPI_28610_1.2019.09.25.16.05.17.CSV,4x_DAPI_28610_1.2019.09.25.16.05.17.CSV,28610,Day3,,A2780ip2,2,2,20190916
B - 24,Summary,11817,,B,24,\\CTCRFile1.ad.tamhsc.edu\CTCR-Stor1$\MDA_KatelynFosterHandley_AnilSood\screen\raw data\run2\4x_DAPI\4x_DAPI_28610_1\4x_DAPI_28610_1.2019.09.25.16.05.17.CSV,4x_DAPI_28610_1.2019.09.25.16.05.17.CSV,28610,Day3,,A2780ip2,2,2,20190916
C - 1,Summary,11457,,C,1,\\CTCRFile1.ad.tamhsc.edu\CTCR-Stor1$\MDA_KatelynFosterHandley_AnilSood\screen\raw data\run2\4x_DAPI\4x_DAPI_28610_1\4x_DAPI_28610_1.2019.09.25.16.05.17.CSV,4x_DAPI_28610_1.2019.09.25.16.05.17.CSV,28610,Day3,,A2780ip2,2,2,20190916
C - 2,Summary,11052,,C,2,\\CTCRFile1.ad.tamhsc.edu\CTCR-Stor1$\MDA_KatelynFosterHandley_AnilSood\screen\raw data\run2\4x_DAPI\4x_DAPI_28610_1\4x_DAPI_28610_1.2019.09.25.16.05.17.CSV,4x_DAPI_28610_1.2019.09.25.16.05.17.CSV,28610,Day3,,A2780ip2,2,2,20190916
C - 3,Summary,11767,,C,3,\\CTCRFile1.ad.tamhsc.edu\CTCR-Stor1$\MDA_KatelynFosterHandley_AnilSood\screen\raw data\run2\4x_DAPI\4x_DAPI_28610_1\4x_DAPI_28610_1.2019.09.25.16.05.17.CSV,4x_DAPI_28610_1.2019.09.25.16.05.17.CSV,28610,Day3,,A2780ip2,2,2,20190916
C - 4,Summary,11377,,C,4,\\CTCRFile1.ad.tamhsc.edu\CTCR-Stor1$\MDA_KatelynFosterHandley_AnilSood\screen\raw data\run2\4x_DAPI\4x_DAPI_28610_1\4x_DAPI_28610_1.2019.09.25.16.05.17.CSV,4x_DAPI_28610_1.2019.09.25.16.05.17.CSV,28610,Day3,,A2780ip2,2,2,20190916
C - 5,Summary,12310,,C,5,\\CTCRFile1.ad.tamhsc.edu\CTCR-Stor1$\MDA_KatelynFosterHandley_AnilSood\screen\raw data\run2\4x_DAPI\4x_DAPI_28610_1\4x_DAPI_28610_1.2019.09.25.16.05.17.CSV,4x_DAPI_28610_1.2019.09.25.16.05.17.CSV,28610,Day3,,A2780ip2,2,2,20190916
C - 6,Summary,11821,,C,6,\\CTCRFile1.ad.tamhsc.edu\CTCR-Stor1$\MDA_KatelynFosterHandley_AnilSood\screen\raw data\run2\4x_DAPI\4x_DAPI_28610_1\4x_DAPI_28610_1.2019.09.25.16.05.17.CSV,4x_DAPI_28610_1.2019.09.25.16.05.17.CSV,28610,Day3,,A2780ip2,2,2,20190916
C - 7,Summary,12546,,C,7,\\CTCRFile1.ad.tamhsc.edu\CTCR-Stor1$\MDA_KatelynFosterHandley_AnilSood\screen\raw data\run2\4x_DAPI\4x_DAPI_28610_1\4x_DAPI_28610_1.2019.09.25.16.05.17.CSV,4x_DAPI_28610_1.2019.09.25.16.05.17.CSV,28610,Day3,,A2780ip2,2,2,20190916
C - 8,Summary,12503,,C,8,\\CTCRFile1.ad.tamhsc.edu\CTCR-Stor1$\MDA_KatelynFosterHandley_AnilSood\screen\raw data\run2\4x_DAPI\4x_DAPI_28610_1\4x_DAPI_28610_1.2019.09.25.16.05.17.CSV,4x_DAPI_28610_1.2019.09.25.16.05.17.CSV,28610,Day3,,A2780ip2,2,2,20190916
C - 9,Summary,12382,,C,9,\\CTCRFile1.ad.tamhsc.edu\CTCR-Stor1$\MDA_KatelynFosterHandley_AnilSood\screen\raw data\run2\4x_DAPI\4x_DAPI_28610_1\4x_DAPI_28610_1.2019.09.25.16.05.17.CSV,4x_DAPI_28610_1.2019.09.25.16.05.17.CSV,28610,Day3,,A2780ip2,2,2,20190916
C - 10,Summary,11918,,C,10,\\CTCRFile1.ad.tamhsc.edu\CTCR-Stor1$\MDA_KatelynFosterHandley_AnilSood\screen\raw data\run2\4x_DAPI\4x_DAPI_28610_1\4x_DAPI_28610_1.2019.09.25.16.05.17.CSV,4x_DAPI_28610_1.2019.09.25.16.05.17.CSV,28610,Day3,,A2780ip2,2,2,20190916
C - 11,Summary,12961,,C,11,\\CTCRFile1.ad.tamhsc.edu\CTCR-Stor1$\MDA_KatelynFosterHandley_AnilSood\screen\raw data\run2\4x_DAPI\4x_DAPI_28610_1\4x_DAPI_28610_1.2019.09.25.16.05.17.CSV,4x_DAPI_28610_1.2019.09.25.16.05.17.CSV,28610,Day3,,A2780ip2,2,2,20190916
C - 12,Summary,13291,,C,12,\\CTCRFile1.ad.tamhsc.edu\CTCR-Stor1$\MDA_KatelynFosterHandley_AnilSood\screen\raw data\run2\4x_DAPI\4x_DAPI_28610_1\4x_DAPI_28610_1.2019.09.25.16.05.17.CSV,4x_DAPI_28610_1.2019.09.25.16.05.17.CSV,28610,Day3,,A2780ip2,2,2,20190916
C - 13,Summary,11777,,C,13,\\CTCRFile1.ad.tamhsc.edu\CTCR-Stor1$\MDA_KatelynFosterHandley_AnilSood\screen\raw data\run2\4x_DAPI\4x_DAPI_28610_1\4x_DAPI_28610_1.2019.09.25.16.05.17.CSV,4x_DAPI_28610_1.2019.09.25.16.05.17.CSV,28610,Day3,,A2780ip2,2,2,20190916
C - 14,Summary,11358,,C,14,\\CTCRFile1.ad.tamhsc.edu\CTCR-Stor1$\MDA_KatelynFosterHandley_AnilSood\screen\raw data\run2\4x_DAPI\4x_DAPI_28610_1\4x_DAPI_28610_1.2019.09.25.16.05.17.CSV,4x_DAPI_28610_1.2019.09.25.16.05.17.CSV,28610,Day3,,A2780ip2,2,2,20190916
C - 15,Summary,12205,,C,15,\\CTCRFile1.ad.tamhsc.edu\CTCR-Stor1$\MDA_KatelynFosterHandley_AnilSood\screen\raw data\run2\4x_DAPI\4x_DAPI_28610_1\4x_DAPI_28610_1.2019.09.25.16.05.17.CSV,4x_DAPI_28610_1.2019.09.25.16.05.17.CSV,28610,Day3,,A2780ip2,2,2,20190916
C - 16,Summary,13251,,C,16,\\CTCRFile1.ad.tamhsc.edu\CTCR-Stor1$\MDA_KatelynFosterHandley_AnilSood\screen\raw data\run2\4x_DAPI\4x_DAPI_28610_1\4x_DAPI_28610_1.2019.09.25.16.05.17.CSV,4x_DAPI_28610_1.2019.09.25.16.05.17.CSV,28610,Day3,,A2780ip2,2,2,20190916
C - 17,Summary,11602,,C,17,\\CTCRFile1.ad.tamhsc.edu\CTCR-Stor1$\MDA_KatelynFosterHandley_AnilSood\screen\raw data\run2\4x_DAPI\4x_DAPI_28610_1\4x_DAPI_28610_1.2019.09.25.16.05.17.CSV,4x_DAPI_28610_1.2019.09.25.16.05.17.CSV,28610,Day3,,A2780ip2,2,2,20190916
C - 18,Summary,13566,,C,18,\\CTCRFile1.ad.tamhsc.edu\CTCR-Stor1$\MDA_KatelynFosterHandley_AnilSood\screen\raw data\run2\4x_DAPI\4x_DAPI_28610_1\4x_DAPI_28610_1.2019.09.25.16.05.17.CSV,4x_DAPI_28610_1.2019.09.25.16.05.17.CSV,28610,Day3,,A2780ip2,2,2,20190916
C - 19,Summary,11780,,C,19,\\CTCRFile1.ad.tamhsc.edu\CTCR-Stor1$\MDA_KatelynFosterHandley_AnilSood\screen\raw data\run2\4x_DAPI\4x_DAPI_28610_1\4x_DAPI_28610_1.2019.09.25.16.05.17.CSV,4x_DAPI_28610_1.2019.09.25.16.05.17.CSV,28610,Day3,,A2780ip2,2,2,20190916
C - 20,Summary,12509,,C,20,\\CTCRFile1.ad.tamhsc.edu\CTCR-Stor1$\MDA_KatelynFosterHandley_AnilSood\screen\raw data\run2\4x_DAPI\4x_DAPI_28610_1\4x_DAPI_28610_1.2019.09.25.16.05.17.CSV,4x_DAPI_28610_1.2019.09.25.16.05.17.CSV,28610,Day3,,A2780ip2,2,2,20190916
C - 21,Summary,13219,,C,21,\\CTCRFile1.ad.tamhsc.edu\CTCR-Stor1$\MDA_KatelynFosterHandley_AnilSood\screen\raw data\run2\4x_DAPI\4x_DAPI_28610_1\4x_DAPI_28610_1.2019.09.25.16.05.17.CSV,4x_DAPI_28610_1.2019.09.25.16.05.17.CSV,28610,Day3,,A2780ip2,2,2,20190916
C - 22,Summary,12018,,C,22,\\CTCRFile1.ad.tamhsc.edu\CTCR-Stor1$\MDA_KatelynFosterHandley_AnilSood\screen\raw data\run2\4x_DAPI\4x_DAPI_28610_1\4x_DAPI_28610_1.2019.09.25.16.05.17.CSV,4x_DAPI_28610_1.2019.09.25.16.05.17.CSV,28610,Day3,,A2780ip2,2,2,20190916
C - 23,Summary,11894,,C,23,\\CTCRFile1.ad.tamhsc.edu\CTCR-Stor1$\MDA_KatelynFosterHandley_AnilSood\screen\raw data\run2\4x_DAPI\4x_DAPI_28610_1\4x_DAPI_28610_1.2019.09.25.16.05.17.CSV,4x_DAPI_28610_1.2019.09.25.16.05.17.CSV,28610,Day3,,A2780ip2,2,2,20190916
C - 24,Summary,11256,,C,24,\\CTCRFile1.ad.tamhsc.edu\CTCR-Stor1$\MDA_KatelynFosterHandley_AnilSood\screen\raw data\run2\4x_DAPI\4x_DAPI_28610_1\4x_DAPI_28610_1.2019.09.25.16.05.17.CSV,4x_DAPI_28610_1.2019.09.25.16.05.17.CSV,28610,Day3,,A2780ip2,2,2,20190916
D - 1,Summary,11960,,D,1,\\CTCRFile1.ad.tamhsc.edu\CTCR-Stor1$\MDA_KatelynFosterHandley_AnilSood\screen\raw data\run2\4x_DAPI\4x_DAPI_28610_1\4x_DAPI_28610_1.2019.09.25.16.05.17.CSV,4x_DAPI_28610_1.2019.09.25.16.05.17.CSV,28610,Day3,,A2780ip2,2,2,20190916
D - 2,Summary,11906,,D,2,\\CTCRFile1.ad.tamhsc.edu\CTCR-Stor1$\MDA_KatelynFosterHandley_AnilSood\screen\raw data\run2\4x_DAPI\4x_DAPI_28610_1\4x_DAPI_28610_1.2019.09.25.16.05.17.CSV,4x_DAPI_28610_1.2019.09.25.16.05.17.CSV,28610,Day3,,A2780ip2,2,2,20190916
D - 3,Summary,11809,,D,3,\\CTCRFile1.ad.tamhsc.edu\CTCR-Stor1$\MDA_KatelynFosterHandley_AnilSood\screen\raw data\run2\4x_DAPI\4x_DAPI_28610_1\4x_DAPI_28610_1.2019.09.25.16.05.17.CSV,4x_DAPI_28610_1.2019.09.25.16.05.17.CSV,28610,Day3,,A2780ip2,2,2,20190916
D - 4,Summary,14148,,D,4,\\CTCRFile1.ad.tamhsc.edu\CTCR-Stor1$\MDA_KatelynFosterHandley_AnilSood\screen\raw data\run2\4x_DAPI\4x_DAPI_28610_1\4x_DAPI_28610_1.2019.09.25.16.05.17.CSV,4x_DAPI_28610_1.2019.09.25.16.05.17.CSV,28610,Day3,,A2780ip2,2,2,20190916
D - 5,Summary,12726,,D,5,\\CTCRFile1.ad.tamhsc.edu\CTCR-Stor1$\MDA_KatelynFosterHandley_AnilSood\screen\raw data\run2\4x_DAPI\4x_DAPI_28610_1\4x_DAPI_28610_1.2019.09.25.16.05.17.CSV,4x_DAPI_28610_1.2019.09.25.16.05.17.CSV,28610,Day3,,A2780ip2,2,2,20190916
D - 6,Summary,12771,,D,6,\\CTCRFile1.ad.tamhsc.edu\CTCR-Stor1$\MDA_KatelynFosterHandley_AnilSood\screen\raw data\run2\4x_DAPI\4x_DAPI_28610_1\4x_DAPI_28610_1.2019.09.25.16.05.17.CSV,4x_DAPI_28610_1.2019.09.25.16.05.17.CSV,28610,Day3,,A2780ip2,2,2,20190916
D - 7,Summary,11896,,D,7,\\CTCRFile1.ad.tamhsc.edu\CTCR-Stor1$\MDA_KatelynFosterHandley_AnilSood\screen\raw data\run2\4x_DAPI\4x_DAPI_28610_1\4x_DAPI_28610_1.2019.09.25.16.05.17.CSV,4x_DAPI_28610_1.2019.09.25.16.05.17.CSV,28610,Day3,,A2780ip2,2,2,20190916
D - 8,Summary,11813,,D,8,\\CTCRFile1.ad.tamhsc.edu\CTCR-Stor1$\MDA_KatelynFosterHandley_AnilSood\screen\raw data\run2\4x_DAPI\4x_DAPI_28610_1\4x_DAPI_28610_1.2019.09.25.16.05.17.CSV,4x_DAPI_28610_1.2019.09.25.16.05.17.CSV,28610,Day3,,A2780ip2,2,2,20190916
D - 9,Summary,12594,,D,9,\\CTCRFile1.ad.tamhsc.edu\CTCR-Stor1$\MDA_KatelynFosterHandley_AnilSood\screen\raw data\run2\4x_DAPI\4x_DAPI_28610_1\4x_DAPI_28610_1.2019.09.25.16.05.17.CSV,4x_DAPI_28610_1.2019.09.25.16.05.17.CSV,28610,Day3,,A2780ip2,2,2,20190916
D - 10,Summary,12757,,D,10,\\CTCRFile1.ad.tamhsc.edu\CTCR-Stor1$\MDA_KatelynFosterHandley_AnilSood\screen\raw data\run2\4x_DAPI\4x_DAPI_28610_1\4x_DAPI_28610_1.2019.09.25.16.05.17.CSV,4x_DAPI_28610_1.2019.09.25.16.05.17.CSV,28610,Day3,,A2780ip2,2,2,20190916
D - 11,Summary,12551,,D,11,\\CTCRFile1.ad.tamhsc.edu\CTCR-Stor1$\MDA_KatelynFosterHandley_AnilSood\screen\raw data\run2\4x_DAPI\4x_DAPI_28610_1\4x_DAPI_28610_1.2019.09.25.16.05.17.CSV,4x_DAPI_28610_1.2019.09.25.16.05.17.CSV,28610,Day3,,A2780ip2,2,2,20190916
D - 12,Summary,11913,,D,12,\\CTCRFile1.ad.tamhsc.edu\CTCR-Stor1$\MDA_KatelynFosterHandley_AnilSood\screen\raw data\run2\4x_DAPI\4x_DAPI_28610_1\4x_DAPI_28610_1.2019.09.25.16.05.17.CSV,4x_DAPI_28610_1.2019.09.25.16.05.17.CSV,28610,Day3,,A2780ip2,2,2,20190916
D - 13,Summary,12534,,D,13,\\CTCRFile1.ad.tamhsc.edu\CTCR-Stor1$\MDA_KatelynFosterHandley_AnilSood\screen\raw data\run2\4x_DAPI\4x_DAPI_28610_1\4x_DAPI_28610_1.2019.09.25.16.05.17.CSV,4x_DAPI_28610_1.2019.09.25.16.05.17.CSV,28610,Day3,,A2780ip2,2,2,20190916
D - 14,Summary,12529,,D,14,\\CTCRFile1.ad.tamhsc.edu\CTCR-Stor1$\MDA_KatelynFosterHandley_AnilSood\screen\raw data\run2\4x_DAPI\4x_DAPI_28610_1\4x_DAPI_28610_1.2019.09.25.16.05.17.CSV,4x_DAPI_28610_1.2019.09.25.16.05.17.CSV,28610,Day3,,A2780ip2,2,2,20190916
D - 15,Summary,13602,,D,15,\\CTCRFile1.ad.tamhsc.edu\CTCR-Stor1$\MDA_KatelynFosterHandley_AnilSood\screen\raw data\run2\4x_DAPI\4x_DAPI_28610_1\4x_DAPI_28610_1.2019.09.25.16.05.17.CSV,4x_DAPI_28610_1.2019.09.25.16.05.17.CSV,28610,Day3,,A2780ip2,2,2,20190916
D - 16,Summary,12485,,D,16,\\CTCRFile1.ad.tamhsc.edu\CTCR-Stor1$\MDA_KatelynFosterHandley_AnilSood\screen\raw data\run2\4x_DAPI\4x_DAPI_28610_1\4x_DAPI_28610_1.2019.09.25.16.05.17.CSV,4x_DAPI_28610_1.2019.09.25.16.05.17.CSV,28610,Day3,,A2780ip2,2,2,20190916
D - 17,Summary,12197,,D,17,\\CTCRFile1.ad.tamhsc.edu\CTCR-Stor1$\MDA_KatelynFosterHandley_AnilSood\screen\raw data\run2\4x_DAPI\4x_DAPI_28610_1\4x_DAPI_28610_1.2019.09.25.16.05.17.CSV,4x_DAPI_28610_1.2019.09.25.16.05.17.CSV,28610,Day3,,A2780ip2,2,2,20190916
D - 18,Summary,13156,,D,18,\\CTCRFile1.ad.tamhsc.edu\CTCR-Stor1$\MDA_KatelynFosterHandley_AnilSood\screen\raw data\run2\4x_DAPI\4x_DAPI_28610_1\4x_DAPI_28610_1.2019.09.25.16.05.17.CSV,4x_DAPI_28610_1.2019.09.25.16.05.17.CSV,28610,Day3,,A2780ip2,2,2,20190916
D - 19,Summary,12415,,D,19,\\CTCRFile1.ad.tamhsc.edu\CTCR-Stor1$\MDA_KatelynFosterHandley_AnilSood\screen\raw data\run2\4x_DAPI\4x_DAPI_28610_1\4x_DAPI_28610_1.2019.09.25.16.05.17.CSV,4x_DAPI_28610_1.2019.09.25.16.05.17.CSV,28610,Day3,,A2780ip2,2,2,20190916
D - 20,Summary,14369,,D,20,\\CTCRFile1.ad.tamhsc.edu\CTCR-Stor1$\MDA_KatelynFosterHandley_AnilSood\screen\raw data\run2\4x_DAPI\4x_DAPI_28610_1\4x_DAPI_28610_1.2019.09.25.16.05.17.CSV,4x_DAPI_28610_1.2019.09.25.16.05.17.CSV,28610,Day3,,A2780ip2,2,2,20190916
D - 21,Summary,12838,,D,21,\\CTCRFile1.ad.tamhsc.edu\CTCR-Stor1$\MDA_KatelynFosterHandley_AnilSood\screen\raw data\run2\4x_DAPI\4x_DAPI_28610_1\4x_DAPI_28610_1.2019.09.25.16.05.17.CSV,4x_DAPI_28610_1.2019.09.25.16.05.17.CSV,28610,Day3,,A2780ip2,2,2,20190916
D - 22,Summary,12592,,D,22,\\CTCRFile1.ad.tamhsc.edu\CTCR-Stor1$\MDA_KatelynFosterHandley_AnilSood\screen\raw data\run2\4x_DAPI\4x_DAPI_28610_1\4x_DAPI_28610_1.2019.09.25.16.05.17.CSV,4x_DAPI_28610_1.2019.09.25.16.05.17.CSV,28610,Day3,,A2780ip2,2,2,20190916
D - 23,Summary,11751,,D,23,\\CTCRFile1.ad.tamhsc.edu\CTCR-Stor1$\MDA_KatelynFosterHandley_AnilSood\screen\raw data\run2\4x_DAPI\4x_DAPI_28610_1\4x_DAPI_28610_1.2019.09.25.16.05.17.CSV,4x_DAPI_28610_1.2019.09.25.16.05.17.CSV,28610,Day3,,A2780ip2,2,2,20190916
D - 24,Summary,11930,,D,24,\\CTCRFile1.ad.tamhsc.edu\CTCR-Stor1$\MDA_KatelynFosterHandley_AnilSood\screen\raw data\run2\4x_DAPI\4x_DAPI_28610_1\4x_DAPI_28610_1.2019.09.25.16.05.17.CSV,4x_DAPI_28610_1.2019.09.25.16.05.17.CSV,28610,Day3,,A2780ip2,2,2,20190916
E - 1,Summary,12890,,E,1,\\CTCRFile1.ad.tamhsc.edu\CTCR-Stor1$\MDA_KatelynFosterHandley_AnilSood\screen\raw data\run2\4x_DAPI\4x_DAPI_28610_1\4x_DAPI_28610_1.2019.09.25.16.05.17.CSV,4x_DAPI_28610_1.2019.09.25.16.05.17.CSV,28610,Day3,,A2780ip2,2,2,20190916
E - 2,Summary,11827,,E,2,\\CTCRFile1.ad.tamhsc.edu\CTCR-Stor1$\MDA_KatelynFosterHandley_AnilSood\screen\raw data\run2\4x_DAPI\4x_DAPI_28610_1\4x_DAPI_28610_1.2019.09.25.16.05.17.CSV,4x_DAPI_28610_1.2019.09.25.16.05.17.CSV,28610,Day3,,A2780ip2,2,2,20190916
E - 3,Summary,11421,,E,3,\\CTCRFile1.ad.tamhsc.edu\CTCR-Stor1$\MDA_KatelynFosterHandley_AnilSood\screen\raw data\run2\4x_DAPI\4x_DAPI_28610_1\4x_DAPI_28610_1.2019.09.25.16.05.17.CSV,4x_DAPI_28610_1.2019.09.25.16.05.17.CSV,28610,Day3,,A2780ip2,2,2,20190916
E - 4,Summary,12057,,E,4,\\CTCRFile1.ad.tamhsc.edu\CTCR-Stor1$\MDA_KatelynFosterHandley_AnilSood\screen\raw data\run2\4x_DAPI\4x_DAPI_28610_1\4x_DAPI_28610_1.2019.09.25.16.05.17.CSV,4x_DAPI_28610_1.2019.09.25.16.05.17.CSV,28610,Day3,,A2780ip2,2,2,20190916
E - 5,Summary,13392,,E,5,\\CTCRFile1.ad.tamhsc.edu\CTCR-Stor1$\MDA_KatelynFosterHandley_AnilSood\screen\raw data\run2\4x_DAPI\4x_DAPI_28610_1\4x_DAPI_28610_1.2019.09.25.16.05.17.CSV,4x_DAPI_28610_1.2019.09.25.16.05.17.CSV,28610,Day3,,A2780ip2,2,2,20190916
E - 6,Summary,11888,,E,6,\\CTCRFile1.ad.tamhsc.edu\CTCR-Stor1$\MDA_KatelynFosterHandley_AnilSood\screen\raw data\run2\4x_DAPI\4x_DAPI_28610_1\4x_DAPI_28610_1.2019.09.25.16.05.17.CSV,4x_DAPI_28610_1.2019.09.25.16.05.17.CSV,28610,Day3,,A2780ip2,2,2,20190916
E - 7,Summary,12976,,E,7,\\CTCRFile1.ad.tamhsc.edu\CTCR-Stor1$\MDA_KatelynFosterHandley_AnilSood\screen\raw data\run2\4x_DAPI\4x_DAPI_28610_1\4x_DAPI_28610_1.2019.09.25.16.05.17.CSV,4x_DAPI_28610_1.2019.09.25.16.05.17.CSV,28610,Day3,,A2780ip2,2,2,20190916
E - 8,Summary,12243,,E,8,\\CTCRFile1.ad.tamhsc.edu\CTCR-Stor1$\MDA_KatelynFosterHandley_AnilSood\screen\raw data\run2\4x_DAPI\4x_DAPI_28610_1\4x_DAPI_28610_1.2019.09.25.16.05.17.CSV,4x_DAPI_28610_1.2019.09.25.16.05.17.CSV,28610,Day3,,A2780ip2,2,2,20190916
E - 9,Summary,12059,,E,9,\\CTCRFile1.ad.tamhsc.edu\CTCR-Stor1$\MDA_KatelynFosterHandley_AnilSood\screen\raw data\run2\4x_DAPI\4x_DAPI_28610_1\4x_DAPI_28610_1.2019.09.25.16.05.17.CSV,4x_DAPI_28610_1.2019.09.25.16.05.17.CSV,28610,Day3,,A2780ip2,2,2,20190916
E - 10,Summary,12873,,E,10,\\CTCRFile1.ad.tamhsc.edu\CTCR-Stor1$\MDA_KatelynFosterHandley_AnilSood\screen\raw data\run2\4x_DAPI\4x_DAPI_28610_1\4x_DAPI_28610_1.2019.09.25.16.05.17.CSV,4x_DAPI_28610_1.2019.09.25.16.05.17.CSV,28610,Day3,,A2780ip2,2,2,20190916
E - 11,Summary,11796,,E,11,\\CTCRFile1.ad.tamhsc.edu\CTCR-Stor1$\MDA_KatelynFosterHandley_AnilSood\screen\raw data\run2\4x_DAPI\4x_DAPI_28610_1\4x_DAPI_28610_1.2019.09.25.16.05.17.CSV,4x_DAPI_28610_1.2019.09.25.16.05.17.CSV,28610,Day3,,A2780ip2,2,2,20190916
E - 12,Summary,11810,,E,12,\\CTCRFile1.ad.tamhsc.edu\CTCR-Stor1$\MDA_KatelynFosterHandley_AnilSood\screen\raw data\run2\4x_DAPI\4x_DAPI_28610_1\4x_DAPI_28610_1.2019.09.25.16.05.17.CSV,4x_DAPI_28610_1.2019.09.25.16.05.17.CSV,28610,Day3,,A2780ip2,2,2,20190916
E - 13,Summary,12694,,E,13,\\CTCRFile1.ad.tamhsc.edu\CTCR-Stor1$\MDA_KatelynFosterHandley_AnilSood\screen\raw data\run2\4x_DAPI\4x_DAPI_28610_1\4x_DAPI_28610_1.2019.09.25.16.05.17.CSV,4x_DAPI_28610_1.2019.09.25.16.05.17.CSV,28610,Day3,,A2780ip2,2,2,20190916
E - 14,Summary,12640,,E,14,\\CTCRFile1.ad.tamhsc.edu\CTCR-Stor1$\MDA_KatelynFosterHandley_AnilSood\screen\raw data\run2\4x_DAPI\4x_DAPI_28610_1\4x_DAPI_28610_1.2019.09.25.16.05.17.CSV,4x_DAPI_28610_1.2019.09.25.16.05.17.CSV,28610,Day3,,A2780ip2,2,2,20190916
E - 15,Summary,12506,,E,15,\\CTCRFile1.ad.tamhsc.edu\CTCR-Stor1$\MDA_KatelynFosterHandley_AnilSood\screen\raw data\run2\4x_DAPI\4x_DAPI_28610_1\4x_DAPI_28610_1.2019.09.25.16.05.17.CSV,4x_DAPI_28610_1.2019.09.25.16.05.17.CSV,28610,Day3,,A2780ip2,2,2,20190916
E - 16,Summary,12462,,E,16,\\CTCRFile1.ad.tamhsc.edu\CTCR-Stor1$\MDA_KatelynFosterHandley_AnilSood\screen\raw data\run2\4x_DAPI\4x_DAPI_28610_1\4x_DAPI_28610_1.2019.09.25.16.05.17.CSV,4x_DAPI_28610_1.2019.09.25.16.05.17.CSV,28610,Day3,,A2780ip2,2,2,20190916
E - 17,Summary,13203,,E,17,\\CTCRFile1.ad.tamhsc.edu\CTCR-Stor1$\MDA_KatelynFosterHandley_AnilSood\screen\raw data\run2\4x_DAPI\4x_DAPI_28610_1\4x_DAPI_28610_1.2019.09.25.16.05.17.CSV,4x_DAPI_28610_1.2019.09.25.16.05.17.CSV,28610,Day3,,A2780ip2,2,2,20190916
E - 18,Summary,12101,,E,18,\\CTCRFile1.ad.tamhsc.edu\CTCR-Stor1$\MDA_KatelynFosterHandley_AnilSood\screen\raw data\run2\4x_DAPI\4x_DAPI_28610_1\4x_DAPI_28610_1.2019.09.25.16.05.17.CSV,4x_DAPI_28610_1.2019.09.25.16.05.17.CSV,28610,Day3,,A2780ip2,2,2,20190916
E - 19,Summary,12238,,E,19,\\CTCRFile1.ad.tamhsc.edu\CTCR-Stor1$\MDA_KatelynFosterHandley_AnilSood\screen\raw data\run2\4x_DAPI\4x_DAPI_28610_1\4x_DAPI_28610_1.2019.09.25.16.05.17.CSV,4x_DAPI_28610_1.2019.09.25.16.05.17.CSV,28610,Day3,,A2780ip2,2,2,20190916
E - 20,Summary,12165,,E,20,\\CTCRFile1.ad.tamhsc.edu\CTCR-Stor1$\MDA_KatelynFosterHandley_AnilSood\screen\raw data\run2\4x_DAPI\4x_DAPI_28610_1\4x_DAPI_28610_1.2019.09.25.16.05.17.CSV,4x_DAPI_28610_1.2019.09.25.16.05.17.CSV,28610,Day3,,A2780ip2,2,2,20190916
E - 21,Summary,12017,,E,21,\\CTCRFile1.ad.tamhsc.edu\CTCR-Stor1$\MDA_KatelynFosterHandley_AnilSood\screen\raw data\run2\4x_DAPI\4x_DAPI_28610_1\4x_DAPI_28610_1.2019.09.25.16.05.17.CSV,4x_DAPI_28610_1.2019.09.25.16.05.17.CSV,28610,Day3,,A2780ip2,2,2,20190916
E - 22,Summary,12973,,E,22,\\CTCRFile1.ad.tamhsc.edu\CTCR-Stor1$\MDA_KatelynFosterHandley_AnilSood\screen\raw data\run2\4x_DAPI\4x_DAPI_28610_1\4x_DAPI_28610_1.2019.09.25.16.05.17.CSV,4x_DAPI_28610_1.2019.09.25.16.05.17.CSV,28610,Day3,,A2780ip2,2,2,20190916
E - 23,Summary,11858,,E,23,\\CTCRFile1.ad.tamhsc.edu\CTCR-Stor1$\MDA_KatelynFosterHandley_AnilSood\screen\raw data\run2\4x_DAPI\4x_DAPI_28610_1\4x_DAPI_28610_1.2019.09.25.16.05.17.CSV,4x_DAPI_28610_1.2019.09.25.16.05.17.CSV,28610,Day3,,A2780ip2,2,2,20190916
E - 24,Summary,12919,,E,24,\\CTCRFile1.ad.tamhsc.edu\CTCR-Stor1$\MDA_KatelynFosterHandley_AnilSood\screen\raw data\run2\4x_DAPI\4x_DAPI_28610_1\4x_DAPI_28610_1.2019.09.25.16.05.17.CSV,4x_DAPI_28610_1.2019.09.25.16.05.17.CSV,28610,Day3,,A2780ip2,2,2,20190916
F - 1,Summary,12029,,F,1,\\CTCRFile1.ad.tamhsc.edu\CTCR-Stor1$\MDA_KatelynFosterHandley_AnilSood\screen\raw data\run2\4x_DAPI\4x_DAPI_28610_1\4x_DAPI_28610_1.2019.09.25.16.05.17.CSV,4x_DAPI_28610_1.2019.09.25.16.05.17.CSV,28610,Day3,,A2780ip2,2,2,20190916
F - 2,Summary,12444,,F,2,\\CTCRFile1.ad.tamhsc.edu\CTCR-Stor1$\MDA_KatelynFosterHandley_AnilSood\screen\raw data\run2\4x_DAPI\4x_DAPI_28610_1\4x_DAPI_28610_1.2019.09.25.16.05.17.CSV,4x_DAPI_28610_1.2019.09.25.16.05.17.CSV,28610,Day3,,A2780ip2,2,2,20190916
F - 3,Summary,13305,,F,3,\\CTCRFile1.ad.tamhsc.edu\CTCR-Stor1$\MDA_KatelynFosterHandley_AnilSood\screen\raw data\run2\4x_DAPI\4x_DAPI_28610_1\4x_DAPI_28610_1.2019.09.25.16.05.17.CSV,4x_DAPI_28610_1.2019.09.25.16.05.17.CSV,28610,Day3,,A2780ip2,2,2,20190916
F - 4,Summary,12926,,F,4,\\CTCRFile1.ad.tamhsc.edu\CTCR-Stor1$\MDA_KatelynFosterHandley_AnilSood\screen\raw data\run2\4x_DAPI\4x_DAPI_28610_1\4x_DAPI_28610_1.2019.09.25.16.05.17.CSV,4x_DAPI_28610_1.2019.09.25.16.05.17.CSV,28610,Day3,,A2780ip2,2,2,20190916
F - 5,Summary,12544,,F,5,\\CTCRFile1.ad.tamhsc.edu\CTCR-Stor1$\MDA_KatelynFosterHandley_AnilSood\screen\raw data\run2\4x_DAPI\4x_DAPI_28610_1\4x_DAPI_28610_1.2019.09.25.16.05.17.CSV,4x_DAPI_28610_1.2019.09.25.16.05.17.CSV,28610,Day3,,A2780ip2,2,2,20190916
F - 6,Summary,11865,,F,6,\\CTCRFile1.ad.tamhsc.edu\CTCR-Stor1$\MDA_KatelynFosterHandley_AnilSood\screen\raw data\run2\4x_DAPI\4x_DAPI_28610_1\4x_DAPI_28610_1.2019.09.25.16.05.17.CSV,4x_DAPI_28610_1.2019.09.25.16.05.17.CSV,28610,Day3,,A2780ip2,2,2,20190916
F - 7,Summary,13413,,F,7,\\CTCRFile1.ad.tamhsc.edu\CTCR-Stor1$\MDA_KatelynFosterHandley_AnilSood\screen\raw data\run2\4x_DAPI\4x_DAPI_28610_1\4x_DAPI_28610_1.2019.09.25.16.05.17.CSV,4x_DAPI_28610_1.2019.09.25.16.05.17.CSV,28610,Day3,,A2780ip2,2,2,20190916
F - 8,Summary,12188,,F,8,\\CTCRFile1.ad.tamhsc.edu\CTCR-Stor1$\MDA_KatelynFosterHandley_AnilSood\screen\raw data\run2\4x_DAPI\4x_DAPI_28610_1\4x_DAPI_28610_1.2019.09.25.16.05.17.CSV,4x_DAPI_28610_1.2019.09.25.16.05.17.CSV,28610,Day3,,A2780ip2,2,2,20190916
F - 9,Summary,11565,,F,9,\\CTCRFile1.ad.tamhsc.edu\CTCR-Stor1$\MDA_KatelynFosterHandley_AnilSood\screen\raw data\run2\4x_DAPI\4x_DAPI_28610_1\4x_DAPI_28610_1.2019.09.25.16.05.17.CSV,4x_DAPI_28610_1.2019.09.25.16.05.17.CSV,28610,Day3,,A2780ip2,2,2,20190916
F - 10,Summary,11918,,F,10,\\CTCRFile1.ad.tamhsc.edu\CTCR-Stor1$\MDA_KatelynFosterHandley_AnilSood\screen\raw data\run2\4x_DAPI\4x_DAPI_28610_1\4x_DAPI_28610_1.2019.09.25.16.05.17.CSV,4x_DAPI_28610_1.2019.09.25.16.05.17.CSV,28610,Day3,,A2780ip2,2,2,20190916
F - 11,Summary,13246,,F,11,\\CTCRFile1.ad.tamhsc.edu\CTCR-Stor1$\MDA_KatelynFosterHandley_AnilSood\screen\raw data\run2\4x_DAPI\4x_DAPI_28610_1\4x_DAPI_28610_1.2019.09.25.16.05.17.CSV,4x_DAPI_28610_1.2019.09.25.16.05.17.CSV,28610,Day3,,A2780ip2,2,2,20190916
F - 12,Summary,12255,,F,12,\\CTCRFile1.ad.tamhsc.edu\CTCR-Stor1$\MDA_KatelynFosterHandley_AnilSood\screen\raw data\run2\4x_DAPI\4x_DAPI_28610_1\4x_DAPI_28610_1.2019.09.25.16.05.17.CSV,4x_DAPI_28610_1.2019.09.25.16.05.17.CSV,28610,Day3,,A2780ip2,2,2,20190916
F - 13,Summary,12562,,F,13,\\CTCRFile1.ad.tamhsc.edu\CTCR-Stor1$\MDA_KatelynFosterHandley_AnilSood\screen\raw data\run2\4x_DAPI\4x_DAPI_28610_1\4x_DAPI_28610_1.2019.09.25.16.05.17.CSV,4x_DAPI_28610_1.2019.09.25.16.05.17.CSV,28610,Day3,,A2780ip2,2,2,20190916
F - 14,Summary,11883,,F,14,\\CTCRFile1.ad.tamhsc.edu\CTCR-Stor1$\MDA_KatelynFosterHandley_AnilSood\screen\raw data\run2\4x_DAPI\4x_DAPI_28610_1\4x_DAPI_28610_1.2019.09.25.16.05.17.CSV,4x_DAPI_28610_1.2019.09.25.16.05.17.CSV,28610,Day3,,A2780ip2,2,2,20190916
F - 15,Summary,12445,,F,15,\\CTCRFile1.ad.tamhsc.edu\CTCR-Stor1$\MDA_KatelynFosterHandley_AnilSood\screen\raw data\run2\4x_DAPI\4x_DAPI_28610_1\4x_DAPI_28610_1.2019.09.25.16.05.17.CSV,4x_DAPI_28610_1.2019.09.25.16.05.17.CSV,28610,Day3,,A2780ip2,2,2,20190916
F - 16,Summary,12722,,F,16,\\CTCRFile1.ad.tamhsc.edu\CTCR-Stor1$\MDA_KatelynFosterHandley_AnilSood\screen\raw data\run2\4x_DAPI\4x_DAPI_28610_1\4x_DAPI_28610_1.2019.09.25.16.05.17.CSV,4x_DAPI_28610_1.2019.09.25.16.05.17.CSV,28610,Day3,,A2780ip2,2,2,20190916
F - 17,Summary,11751,,F,17,\\CTCRFile1.ad.tamhsc.edu\CTCR-Stor1$\MDA_KatelynFosterHandley_AnilSood\screen\raw data\run2\4x_DAPI\4x_DAPI_28610_1\4x_DAPI_28610_1.2019.09.25.16.05.17.CSV,4x_DAPI_28610_1.2019.09.25.16.05.17.CSV,28610,Day3,,A2780ip2,2,2,20190916
F - 18,Summary,13216,,F,18,\\CTCRFile1.ad.tamhsc.edu\CTCR-Stor1$\MDA_KatelynFosterHandley_AnilSood\screen\raw data\run2\4x_DAPI\4x_DAPI_28610_1\4x_DAPI_28610_1.2019.09.25.16.05.17.CSV,4x_DAPI_28610_1.2019.09.25.16.05.17.CSV,28610,Day3,,A2780ip2,2,2,20190916
F - 19,Summary,12320,,F,19,\\CTCRFile1.ad.tamhsc.edu\CTCR-Stor1$\MDA_KatelynFosterHandley_AnilSood\screen\raw data\run2\4x_DAPI\4x_DAPI_28610_1\4x_DAPI_28610_1.2019.09.25.16.05.17.CSV,4x_DAPI_28610_1.2019.09.25.16.05.17.CSV,28610,Day3,,A2780ip2,2,2,20190916
F - 20,Summary,12786,,F,20,\\CTCRFile1.ad.tamhsc.edu\CTCR-Stor1$\MDA_KatelynFosterHandley_AnilSood\screen\raw data\run2\4x_DAPI\4x_DAPI_28610_1\4x_DAPI_28610_1.2019.09.25.16.05.17.CSV,4x_DAPI_28610_1.2019.09.25.16.05.17.CSV,28610,Day3,,A2780ip2,2,2,20190916
F - 21,Summary,13361,,F,21,\\CTCRFile1.ad.tamhsc.edu\CTCR-Stor1$\MDA_KatelynFosterHandley_AnilSood\screen\raw data\run2\4x_DAPI\4x_DAPI_28610_1\4x_DAPI_28610_1.2019.09.25.16.05.17.CSV,4x_DAPI_28610_1.2019.09.25.16.05.17.CSV,28610,Day3,,A2780ip2,2,2,20190916
F - 22,Summary,11933,,F,22,\\CTCRFile1.ad.tamhsc.edu\CTCR-Stor1$\MDA_KatelynFosterHandley_AnilSood\screen\raw data\run2\4x_DAPI\4x_DAPI_28610_1\4x_DAPI_28610_1.2019.09.25.16.05.17.CSV,4x_DAPI_28610_1.2019.09.25.16.05.17.CSV,28610,Day3,,A2780ip2,2,2,20190916
F - 23,Summary,12124,,F,23,\\CTCRFile1.ad.tamhsc.edu\CTCR-Stor1$\MDA_KatelynFosterHandley_AnilSood\screen\raw data\run2\4x_DAPI\4x_DAPI_28610_1\4x_DAPI_28610_1.2019.09.25.16.05.17.CSV,4x_DAPI_28610_1.2019.09.25.16.05.17.CSV,28610,Day3,,A2780ip2,2,2,20190916
F - 24,Summary,12039,,F,24,\\CTCRFile1.ad.tamhsc.edu\CTCR-Stor1$\MDA_KatelynFosterHandley_AnilSood\screen\raw data\run2\4x_DAPI\4x_DAPI_28610_1\4x_DAPI_28610_1.2019.09.25.16.05.17.CSV,4x_DAPI_28610_1.2019.09.25.16.05.17.CSV,28610,Day3,,A2780ip2,2,2,20190916
G - 1,Summary,11669,,G,1,\\CTCRFile1.ad.tamhsc.edu\CTCR-Stor1$\MDA_KatelynFosterHandley_AnilSood\screen\raw data\run2\4x_DAPI\4x_DAPI_28610_1\4x_DAPI_28610_1.2019.09.25.16.05.17.CSV,4x_DAPI_28610_1.2019.09.25.16.05.17.CSV,28610,Day3,,A2780ip2,2,2,20190916
G - 2,Summary,10893,,G,2,\\CTCRFile1.ad.tamhsc.edu\CTCR-Stor1$\MDA_KatelynFosterHandley_AnilSood\screen\raw data\run2\4x_DAPI\4x_DAPI_28610_1\4x_DAPI_28610_1.2019.09.25.16.05.17.CSV,4x_DAPI_28610_1.2019.09.25.16.05.17.CSV,28610,Day3,,A2780ip2,2,2,20190916
G - 3,Summary,12731,,G,3,\\CTCRFile1.ad.tamhsc.edu\CTCR-Stor1$\MDA_KatelynFosterHandley_AnilSood\screen\raw data\run2\4x_DAPI\4x_DAPI_28610_1\4x_DAPI_28610_1.2019.09.25.16.05.17.CSV,4x_DAPI_28610_1.2019.09.25.16.05.17.CSV,28610,Day3,,A2780ip2,2,2,20190916
G - 4,Summary,12787,,G,4,\\CTCRFile1.ad.tamhsc.edu\CTCR-Stor1$\MDA_KatelynFosterHandley_AnilSood\screen\raw data\run2\4x_DAPI\4x_DAPI_28610_1\4x_DAPI_28610_1.2019.09.25.16.05.17.CSV,4x_DAPI_28610_1.2019.09.25.16.05.17.CSV,28610,Day3,,A2780ip2,2,2,20190916
G - 5,Summary,12703,,G,5,\\CTCRFile1.ad.tamhsc.edu\CTCR-Stor1$\MDA_KatelynFosterHandley_AnilSood\screen\raw data\run2\4x_DAPI\4x_DAPI_28610_1\4x_DAPI_28610_1.2019.09.25.16.05.17.CSV,4x_DAPI_28610_1.2019.09.25.16.05.17.CSV,28610,Day3,,A2780ip2,2,2,20190916
G - 6,Summary,12850,,G,6,\\CTCRFile1.ad.tamhsc.edu\CTCR-Stor1$\MDA_KatelynFosterHandley_AnilSood\screen\raw data\run2\4x_DAPI\4x_DAPI_28610_1\4x_DAPI_28610_1.2019.09.25.16.05.17.CSV,4x_DAPI_28610_1.2019.09.25.16.05.17.CSV,28610,Day3,,A2780ip2,2,2,20190916
G - 7,Summary,13870,,G,7,\\CTCRFile1.ad.tamhsc.edu\CTCR-Stor1$\MDA_KatelynFosterHandley_AnilSood\screen\raw data\run2\4x_DAPI\4x_DAPI_28610_1\4x_DAPI_28610_1.2019.09.25.16.05.17.CSV,4x_DAPI_28610_1.2019.09.25.16.05.17.CSV,28610,Day3,,A2780ip2,2,2,20190916
G - 8,Summary,10432,,G,8,\\CTCRFile1.ad.tamhsc.edu\CTCR-Stor1$\MDA_KatelynFosterHandley_AnilSood\screen\raw data\run2\4x_DAPI\4x_DAPI_28610_1\4x_DAPI_28610_1.2019.09.25.16.05.17.CSV,4x_DAPI_28610_1.2019.09.25.16.05.17.CSV,28610,Day3,,A2780ip2,2,2,20190916
G - 9,Summary,12060,,G,9,\\CTCRFile1.ad.tamhsc.edu\CTCR-Stor1$\MDA_KatelynFosterHandley_AnilSood\screen\raw data\run2\4x_DAPI\4x_DAPI_28610_1\4x_DAPI_28610_1.2019.09.25.16.05.17.CSV,4x_DAPI_28610_1.2019.09.25.16.05.17.CSV,28610,Day3,,A2780ip2,2,2,20190916
G - 10,Summary,12182,,G,10,\\CTCRFile1.ad.tamhsc.edu\CTCR-Stor1$\MDA_KatelynFosterHandley_AnilSood\screen\raw data\run2\4x_DAPI\4x_DAPI_28610_1\4x_DAPI_28610_1.2019.09.25.16.05.17.CSV,4x_DAPI_28610_1.2019.09.25.16.05.17.CSV,28610,Day3,,A2780ip2,2,2,20190916
G - 11,Summary,11866,,G,11,\\CTCRFile1.ad.tamhsc.edu\CTCR-Stor1$\MDA_KatelynFosterHandley_AnilSood\screen\raw data\run2\4x_DAPI\4x_DAPI_28610_1\4x_DAPI_28610_1.2019.09.25.16.05.17.CSV,4x_DAPI_28610_1.2019.09.25.16.05.17.CSV,28610,Day3,,A2780ip2,2,2,20190916
G - 12,Summary,13176,,G,12,\\CTCRFile1.ad.tamhsc.edu\CTCR-Stor1$\MDA_KatelynFosterHandley_AnilSood\screen\raw data\run2\4x_DAPI\4x_DAPI_28610_1\4x_DAPI_28610_1.2019.09.25.16.05.17.CSV,4x_DAPI_28610_1.2019.09.25.16.05.17.CSV,28610,Day3,,A2780ip2,2,2,20190916
G - 13,Summary,12425,,G,13,\\CTCRFile1.ad.tamhsc.edu\CTCR-Stor1$\MDA_KatelynFosterHandley_AnilSood\screen\raw data\run2\4x_DAPI\4x_DAPI_28610_1\4x_DAPI_28610_1.2019.09.25.16.05.17.CSV,4x_DAPI_28610_1.2019.09.25.16.05.17.CSV,28610,Day3,,A2780ip2,2,2,20190916
G - 14,Summary,10707,,G,14,\\CTCRFile1.ad.tamhsc.edu\CTCR-Stor1$\MDA_KatelynFosterHandley_AnilSood\screen\raw data\run2\4x_DAPI\4x_DAPI_28610_1\4x_DAPI_28610_1.2019.09.25.16.05.17.CSV,4x_DAPI_28610_1.2019.09.25.16.05.17.CSV,28610,Day3,,A2780ip2,2,2,20190916
G - 15,Summary,11821,,G,15,\\CTCRFile1.ad.tamhsc.edu\CTCR-Stor1$\MDA_KatelynFosterHandley_AnilSood\screen\raw data\run2\4x_DAPI\4x_DAPI_28610_1\4x_DAPI_28610_1.2019.09.25.16.05.17.CSV,4x_DAPI_28610_1.2019.09.25.16.05.17.CSV,28610,Day3,,A2780ip2,2,2,20190916
G - 16,Summary,11262,,G,16,\\CTCRFile1.ad.tamhsc.edu\CTCR-Stor1$\MDA_KatelynFosterHandley_AnilSood\screen\raw data\run2\4x_DAPI\4x_DAPI_28610_1\4x_DAPI_28610_1.2019.09.25.16.05.17.CSV,4x_DAPI_28610_1.2019.09.25.16.05.17.CSV,28610,Day3,,A2780ip2,2,2,20190916
G - 17,Summary,13322,,G,17,\\CTCRFile1.ad.tamhsc.edu\CTCR-Stor1$\MDA_KatelynFosterHandley_AnilSood\screen\raw data\run2\4x_DAPI\4x_DAPI_28610_1\4x_DAPI_28610_1.2019.09.25.16.05.17.CSV,4x_DAPI_28610_1.2019.09.25.16.05.17.CSV,28610,Day3,,A2780ip2,2,2,20190916
G - 18,Summary,13206,,G,18,\\CTCRFile1.ad.tamhsc.edu\CTCR-Stor1$\MDA_KatelynFosterHandley_AnilSood\screen\raw data\run2\4x_DAPI\4x_DAPI_28610_1\4x_DAPI_28610_1.2019.09.25.16.05.17.CSV,4x_DAPI_28610_1.2019.09.25.16.05.17.CSV,28610,Day3,,A2780ip2,2,2,20190916
G - 19,Summary,13097,,G,19,\\CTCRFile1.ad.tamhsc.edu\CTCR-Stor1$\MDA_KatelynFosterHandley_AnilSood\screen\raw data\run2\4x_DAPI\4x_DAPI_28610_1\4x_DAPI_28610_1.2019.09.25.16.05.17.CSV,4x_DAPI_28610_1.2019.09.25.16.05.17.CSV,28610,Day3,,A2780ip2,2,2,20190916
G - 20,Summary,12213,,G,20,\\CTCRFile1.ad.tamhsc.edu\CTCR-Stor1$\MDA_KatelynFosterHandley_AnilSood\screen\raw data\run2\4x_DAPI\4x_DAPI_28610_1\4x_DAPI_28610_1.2019.09.25.16.05.17.CSV,4x_DAPI_28610_1.2019.09.25.16.05.17.CSV,28610,Day3,,A2780ip2,2,2,20190916
G - 21,Summary,13045,,G,21,\\CTCRFile1.ad.tamhsc.edu\CTCR-Stor1$\MDA_KatelynFosterHandley_AnilSood\screen\raw data\run2\4x_DAPI\4x_DAPI_28610_1\4x_DAPI_28610_1.2019.09.25.16.05.17.CSV,4x_DAPI_28610_1.2019.09.25.16.05.17.CSV,28610,Day3,,A2780ip2,2,2,20190916
G - 22,Summary,13373,,G,22,\\CTCRFile1.ad.tamhsc.edu\CTCR-Stor1$\MDA_KatelynFosterHandley_AnilSood\screen\raw data\run2\4x_DAPI\4x_DAPI_28610_1\4x_DAPI_28610_1.2019.09.25.16.05.17.CSV,4x_DAPI_28610_1.2019.09.25.16.05.17.CSV,28610,Day3,,A2780ip2,2,2,20190916
G - 23,Summary,11954,,G,23,\\CTCRFile1.ad.tamhsc.edu\CTCR-Stor1$\MDA_KatelynFosterHandley_AnilSood\screen\raw data\run2\4x_DAPI\4x_DAPI_28610_1\4x_DAPI_28610_1.2019.09.25.16.05.17.CSV,4x_DAPI_28610_1.2019.09.25.16.05.17.CSV,28610,Day3,,A2780ip2,2,2,20190916
G - 24,Summary,11245,,G,24,\\CTCRFile1.ad.tamhsc.edu\CTCR-Stor1$\MDA_KatelynFosterHandley_AnilSood\screen\raw data\run2\4x_DAPI\4x_DAPI_28610_1\4x_DAPI_28610_1.2019.09.25.16.05.17.CSV,4x_DAPI_28610_1.2019.09.25.16.05.17.CSV,28610,Day3,,A2780ip2,2,2,20190916
H - 1,Summary,11155,,H,1,\\CTCRFile1.ad.tamhsc.edu\CTCR-Stor1$\MDA_KatelynFosterHandley_AnilSood\screen\raw data\run2\4x_DAPI\4x_DAPI_28610_1\4x_DAPI_28610_1.2019.09.25.16.05.17.CSV,4x_DAPI_28610_1.2019.09.25.16.05.17.CSV,28610,Day3,,A2780ip2,2,2,20190916
H - 2,Summary,11950,,H,2,\\CTCRFile1.ad.tamhsc.edu\CTCR-Stor1$\MDA_KatelynFosterHandley_AnilSood\screen\raw data\run2\4x_DAPI\4x_DAPI_28610_1\4x_DAPI_28610_1.2019.09.25.16.05.17.CSV,4x_DAPI_28610_1.2019.09.25.16.05.17.CSV,28610,Day3,,A2780ip2,2,2,20190916
H - 3,Summary,12553,,H,3,\\CTCRFile1.ad.tamhsc.edu\CTCR-Stor1$\MDA_KatelynFosterHandley_AnilSood\screen\raw data\run2\4x_DAPI\4x_DAPI_28610_1\4x_DAPI_28610_1.2019.09.25.16.05.17.CSV,4x_DAPI_28610_1.2019.09.25.16.05.17.CSV,28610,Day3,,A2780ip2,2,2,20190916
H - 4,Summary,12695,,H,4,\\CTCRFile1.ad.tamhsc.edu\CTCR-Stor1$\MDA_KatelynFosterHandley_AnilSood\screen\raw data\run2\4x_DAPI\4x_DAPI_28610_1\4x_DAPI_28610_1.2019.09.25.16.05.17.CSV,4x_DAPI_28610_1.2019.09.25.16.05.17.CSV,28610,Day3,,A2780ip2,2,2,20190916
H - 5,Summary,11683,,H,5,\\CTCRFile1.ad.tamhsc.edu\CTCR-Stor1$\MDA_KatelynFosterHandley_AnilSood\screen\raw data\run2\4x_DAPI\4x_DAPI_28610_1\4x_DAPI_28610_1.2019.09.25.16.05.17.CSV,4x_DAPI_28610_1.2019.09.25.16.05.17.CSV,28610,Day3,,A2780ip2,2,2,20190916
H - 6,Summary,12864,,H,6,\\CTCRFile1.ad.tamhsc.edu\CTCR-Stor1$\MDA_KatelynFosterHandley_AnilSood\screen\raw data\run2\4x_DAPI\4x_DAPI_28610_1\4x_DAPI_28610_1.2019.09.25.16.05.17.CSV,4x_DAPI_28610_1.2019.09.25.16.05.17.CSV,28610,Day3,,A2780ip2,2,2,20190916
H - 7,Summary,13417,,H,7,\\CTCRFile1.ad.tamhsc.edu\CTCR-Stor1$\MDA_KatelynFosterHandley_AnilSood\screen\raw data\run2\4x_DAPI\4x_DAPI_28610_1\4x_DAPI_28610_1.2019.09.25.16.05.17.CSV,4x_DAPI_28610_1.2019.09.25.16.05.17.CSV,28610,Day3,,A2780ip2,2,2,20190916
H - 8,Summary,13217,,H,8,\\CTCRFile1.ad.tamhsc.edu\CTCR-Stor1$\MDA_KatelynFosterHandley_AnilSood\screen\raw data\run2\4x_DAPI\4x_DAPI_28610_1\4x_DAPI_28610_1.2019.09.25.16.05.17.CSV,4x_DAPI_28610_1.2019.09.25.16.05.17.CSV,28610,Day3,,A2780ip2,2,2,20190916
H - 9,Summary,12568,,H,9,\\CTCRFile1.ad.tamhsc.edu\CTCR-Stor1$\MDA_KatelynFosterHandley_AnilSood\screen\raw data\run2\4x_DAPI\4x_DAPI_28610_1\4x_DAPI_28610_1.2019.09.25.16.05.17.CSV,4x_DAPI_28610_1.2019.09.25.16.05.17.CSV,28610,Day3,,A2780ip2,2,2,20190916
H - 10,Summary,12257,,H,10,\\CTCRFile1.ad.tamhsc.edu\CTCR-Stor1$\MDA_KatelynFosterHandley_AnilSood\screen\raw data\run2\4x_DAPI\4x_DAPI_28610_1\4x_DAPI_28610_1.2019.09.25.16.05.17.CSV,4x_DAPI_28610_1.2019.09.25.16.05.17.CSV,28610,Day3,,A2780ip2,2,2,20190916
H - 11,Summary,12336,,H,11,\\CTCRFile1.ad.tamhsc.edu\CTCR-Stor1$\MDA_KatelynFosterHandley_AnilSood\screen\raw data\run2\4x_DAPI\4x_DAPI_28610_1\4x_DAPI_28610_1.2019.09.25.16.05.17.CSV,4x_DAPI_28610_1.2019.09.25.16.05.17.CSV,28610,Day3,,A2780ip2,2,2,20190916
H - 12,Summary,14146,,H,12,\\CTCRFile1.ad.tamhsc.edu\CTCR-Stor1$\MDA_KatelynFosterHandley_AnilSood\screen\raw data\run2\4x_DAPI\4x_DAPI_28610_1\4x_DAPI_28610_1.2019.09.25.16.05.17.CSV,4x_DAPI_28610_1.2019.09.25.16.05.17.CSV,28610,Day3,,A2780ip2,2,2,20190916
H - 13,Summary,11172,,H,13,\\CTCRFile1.ad.tamhsc.edu\CTCR-Stor1$\MDA_KatelynFosterHandley_AnilSood\screen\raw data\run2\4x_DAPI\4x_DAPI_28610_1\4x_DAPI_28610_1.2019.09.25.16.05.17.CSV,4x_DAPI_28610_1.2019.09.25.16.05.17.CSV,28610,Day3,,A2780ip2,2,2,20190916
H - 14,Summary,13209,,H,14,\\CTCRFile1.ad.tamhsc.edu\CTCR-Stor1$\MDA_KatelynFosterHandley_AnilSood\screen\raw data\run2\4x_DAPI\4x_DAPI_28610_1\4x_DAPI_28610_1.2019.09.25.16.05.17.CSV,4x_DAPI_28610_1.2019.09.25.16.05.17.CSV,28610,Day3,,A2780ip2,2,2,20190916
H - 15,Summary,11590,,H,15,\\CTCRFile1.ad.tamhsc.edu\CTCR-Stor1$\MDA_KatelynFosterHandley_AnilSood\screen\raw data\run2\4x_DAPI\4x_DAPI_28610_1\4x_DAPI_28610_1.2019.09.25.16.05.17.CSV,4x_DAPI_28610_1.2019.09.25.16.05.17.CSV,28610,Day3,,A2780ip2,2,2,20190916
H - 16,Summary,12465,,H,16,\\CTCRFile1.ad.tamhsc.edu\CTCR-Stor1$\MDA_KatelynFosterHandley_AnilSood\screen\raw data\run2\4x_DAPI\4x_DAPI_28610_1\4x_DAPI_28610_1.2019.09.25.16.05.17.CSV,4x_DAPI_28610_1.2019.09.25.16.05.17.CSV,28610,Day3,,A2780ip2,2,2,20190916
H - 17,Summary,11946,,H,17,\\CTCRFile1.ad.tamhsc.edu\CTCR-Stor1$\MDA_KatelynFosterHandley_AnilSood\screen\raw data\run2\4x_DAPI\4x_DAPI_28610_1\4x_DAPI_28610_1.2019.09.25.16.05.17.CSV,4x_DAPI_28610_1.2019.09.25.16.05.17.CSV,28610,Day3,,A2780ip2,2,2,20190916
H - 18,Summary,12598,,H,18,\\CTCRFile1.ad.tamhsc.edu\CTCR-Stor1$\MDA_KatelynFosterHandley_AnilSood\screen\raw data\run2\4x_DAPI\4x_DAPI_28610_1\4x_DAPI_28610_1.2019.09.25.16.05.17.CSV,4x_DAPI_28610_1.2019.09.25.16.05.17.CSV,28610,Day3,,A2780ip2,2,2,20190916
H - 19,Summary,12884,,H,19,\\CTCRFile1.ad.tamhsc.edu\CTCR-Stor1$\MDA_KatelynFosterHandley_AnilSood\screen\raw data\run2\4x_DAPI\4x_DAPI_28610_1\4x_DAPI_28610_1.2019.09.25.16.05.17.CSV,4x_DAPI_28610_1.2019.09.25.16.05.17.CSV,28610,Day3,,A2780ip2,2,2,20190916
H - 20,Summary,10977,,H,20,\\CTCRFile1.ad.tamhsc.edu\CTCR-Stor1$\MDA_KatelynFosterHandley_AnilSood\screen\raw data\run2\4x_DAPI\4x_DAPI_28610_1\4x_DAPI_28610_1.2019.09.25.16.05.17.CSV,4x_DAPI_28610_1.2019.09.25.16.05.17.CSV,28610,Day3,,A2780ip2,2,2,20190916
H - 21,Summary,11448,,H,21,\\CTCRFile1.ad.tamhsc.edu\CTCR-Stor1$\MDA_KatelynFosterHandley_AnilSood\screen\raw data\run2\4x_DAPI\4x_DAPI_28610_1\4x_DAPI_28610_1.2019.09.25.16.05.17.CSV,4x_DAPI_28610_1.2019.09.25.16.05.17.CSV,28610,Day3,,A2780ip2,2,2,20190916
H - 22,Summary,12071,,H,22,\\CTCRFile1.ad.tamhsc.edu\CTCR-Stor1$\MDA_KatelynFosterHandley_AnilSood\screen\raw data\run2\4x_DAPI\4x_DAPI_28610_1\4x_DAPI_28610_1.2019.09.25.16.05.17.CSV,4x_DAPI_28610_1.2019.09.25.16.05.17.CSV,28610,Day3,,A2780ip2,2,2,20190916
H - 23,Summary,11169,,H,23,\\CTCRFile1.ad.tamhsc.edu\CTCR-Stor1$\MDA_KatelynFosterHandley_AnilSood\screen\raw data\run2\4x_DAPI\4x_DAPI_28610_1\4x_DAPI_28610_1.2019.09.25.16.05.17.CSV,4x_DAPI_28610_1.2019.09.25.16.05.17.CSV,28610,Day3,,A2780ip2,2,2,20190916
H - 24,Summary,11315,,H,24,\\CTCRFile1.ad.tamhsc.edu\CTCR-Stor1$\MDA_KatelynFosterHandley_AnilSood\screen\raw data\run2\4x_DAPI\4x_DAPI_28610_1\4x_DAPI_28610_1.2019.09.25.16.05.17.CSV,4x_DAPI_28610_1.2019.09.25.16.05.17.CSV,28610,Day3,,A2780ip2,2,2,20190916
I - 1,Summary,11503,,I,1,\\CTCRFile1.ad.tamhsc.edu\CTCR-Stor1$\MDA_KatelynFosterHandley_AnilSood\screen\raw data\run2\4x_DAPI\4x_DAPI_28610_1\4x_DAPI_28610_1.2019.09.25.16.05.17.CSV,4x_DAPI_28610_1.2019.09.25.16.05.17.CSV,28610,Day3,,A2780ip2,2,2,20190916
I - 2,Summary,11560,,I,2,\\CTCRFile1.ad.tamhsc.edu\CTCR-Stor1$\MDA_KatelynFosterHandley_AnilSood\screen\raw data\run2\4x_DAPI\4x_DAPI_28610_1\4x_DAPI_28610_1.2019.09.25.16.05.17.CSV,4x_DAPI_28610_1.2019.09.25.16.05.17.CSV,28610,Day3,,A2780ip2,2,2,20190916
I - 3,Summary,11219,,I,3,\\CTCRFile1.ad.tamhsc.edu\CTCR-Stor1$\MDA_KatelynFosterHandley_AnilSood\screen\raw data\run2\4x_DAPI\4x_DAPI_28610_1\4x_DAPI_28610_1.2019.09.25.16.05.17.CSV,4x_DAPI_28610_1.2019.09.25.16.05.17.CSV,28610,Day3,,A2780ip2,2,2,20190916
I - 4,Summary,12409,,I,4,\\CTCRFile1.ad.tamhsc.edu\CTCR-Stor1$\MDA_KatelynFosterHandley_AnilSood\screen\raw data\run2\4x_DAPI\4x_DAPI_28610_1\4x_DAPI_28610_1.2019.09.25.16.05.17.CSV,4x_DAPI_28610_1.2019.09.25.16.05.17.CSV,28610,Day3,,A2780ip2,2,2,20190916
I - 5,Summary,11930,,I,5,\\CTCRFile1.ad.tamhsc.edu\CTCR-Stor1$\MDA_KatelynFosterHandley_AnilSood\screen\raw data\run2\4x_DAPI\4x_DAPI_28610_1\4x_DAPI_28610_1.2019.09.25.16.05.17.CSV,4x_DAPI_28610_1.2019.09.25.16.05.17.CSV,28610,Day3,,A2780ip2,2,2,20190916
I - 6,Summary,11166,,I,6,\\CTCRFile1.ad.tamhsc.edu\CTCR-Stor1$\MDA_KatelynFosterHandley_AnilSood\screen\raw data\run2\4x_DAPI\4x_DAPI_28610_1\4x_DAPI_28610_1.2019.09.25.16.05.17.CSV,4x_DAPI_28610_1.2019.09.25.16.05.17.CSV,28610,Day3,,A2780ip2,2,2,20190916
I - 7,Summary,13551,,I,7,\\CTCRFile1.ad.tamhsc.edu\CTCR-Stor1$\MDA_KatelynFosterHandley_AnilSood\screen\raw data\run2\4x_DAPI\4x_DAPI_28610_1\4x_DAPI_28610_1.2019.09.25.16.05.17.CSV,4x_DAPI_28610_1.2019.09.25.16.05.17.CSV,28610,Day3,,A2780ip2,2,2,20190916
I - 8,Summary,12328,,I,8,\\CTCRFile1.ad.tamhsc.edu\CTCR-Stor1$\MDA_KatelynFosterHandley_AnilSood\screen\raw data\run2\4x_DAPI\4x_DAPI_28610_1\4x_DAPI_28610_1.2019.09.25.16.05.17.CSV,4x_DAPI_28610_1.2019.09.25.16.05.17.CSV,28610,Day3,,A2780ip2,2,2,20190916
I - 9,Summary,13693,,I,9,\\CTCRFile1.ad.tamhsc.edu\CTCR-Stor1$\MDA_KatelynFosterHandley_AnilSood\screen\raw data\run2\4x_DAPI\4x_DAPI_28610_1\4x_DAPI_28610_1.2019.09.25.16.05.17.CSV,4x_DAPI_28610_1.2019.09.25.16.05.17.CSV,28610,Day3,,A2780ip2,2,2,20190916
I - 10,Summary,11266,,I,10,\\CTCRFile1.ad.tamhsc.edu\CTCR-Stor1$\MDA_KatelynFosterHandley_AnilSood\screen\raw data\run2\4x_DAPI\4x_DAPI_28610_1\4x_DAPI_28610_1.2019.09.25.16.05.17.CSV,4x_DAPI_28610_1.2019.09.25.16.05.17.CSV,28610,Day3,,A2780ip2,2,2,20190916
I - 11,Summary,12901,,I,11,\\CTCRFile1.ad.tamhsc.edu\CTCR-Stor1$\MDA_KatelynFosterHandley_AnilSood\screen\raw data\run2\4x_DAPI\4x_DAPI_28610_1\4x_DAPI_28610_1.2019.09.25.16.05.17.CSV,4x_DAPI_28610_1.2019.09.25.16.05.17.CSV,28610,Day3,,A2780ip2,2,2,20190916
I - 12,Summary,12318,,I,12,\\CTCRFile1.ad.tamhsc.edu\CTCR-Stor1$\MDA_KatelynFosterHandley_AnilSood\screen\raw data\run2\4x_DAPI\4x_DAPI_28610_1\4x_DAPI_28610_1.2019.09.25.16.05.17.CSV,4x_DAPI_28610_1.2019.09.25.16.05.17.CSV,28610,Day3,,A2780ip2,2,2,20190916
I - 13,Summary,12715,,I,13,\\CTCRFile1.ad.tamhsc.edu\CTCR-Stor1$\MDA_KatelynFosterHandley_AnilSood\screen\raw data\run2\4x_DAPI\4x_DAPI_28610_1\4x_DAPI_28610_1.2019.09.25.16.05.17.CSV,4x_DAPI_28610_1.2019.09.25.16.05.17.CSV,28610,Day3,,A2780ip2,2,2,20190916
I - 14,Summary,12132,,I,14,\\CTCRFile1.ad.tamhsc.edu\CTCR-Stor1$\MDA_KatelynFosterHandley_AnilSood\screen\raw data\run2\4x_DAPI\4x_DAPI_28610_1\4x_DAPI_28610_1.2019.09.25.16.05.17.CSV,4x_DAPI_28610_1.2019.09.25.16.05.17.CSV,28610,Day3,,A2780ip2,2,2,20190916
I - 15,Summary,13068,,I,15,\\CTCRFile1.ad.tamhsc.edu\CTCR-Stor1$\MDA_KatelynFosterHandley_AnilSood\screen\raw data\run2\4x_DAPI\4x_DAPI_28610_1\4x_DAPI_28610_1.2019.09.25.16.05.17.CSV,4x_DAPI_28610_1.2019.09.25.16.05.17.CSV,28610,Day3,,A2780ip2,2,2,20190916
I - 16,Summary,12563,,I,16,\\CTCRFile1.ad.tamhsc.edu\CTCR-Stor1$\MDA_KatelynFosterHandley_AnilSood\screen\raw data\run2\4x_DAPI\4x_DAPI_28610_1\4x_DAPI_28610_1.2019.09.25.16.05.17.CSV,4x_DAPI_28610_1.2019.09.25.16.05.17.CSV,28610,Day3,,A2780ip2,2,2,20190916
I - 17,Summary,12779,,I,17,\\CTCRFile1.ad.tamhsc.edu\CTCR-Stor1$\MDA_KatelynFosterHandley_AnilSood\screen\raw data\run2\4x_DAPI\4x_DAPI_28610_1\4x_DAPI_28610_1.2019.09.25.16.05.17.CSV,4x_DAPI_28610_1.2019.09.25.16.05.17.CSV,28610,Day3,,A2780ip2,2,2,20190916
I - 18,Summary,11972,,I,18,\\CTCRFile1.ad.tamhsc.edu\CTCR-Stor1$\MDA_KatelynFosterHandley_AnilSood\screen\raw data\run2\4x_DAPI\4x_DAPI_28610_1\4x_DAPI_28610_1.2019.09.25.16.05.17.CSV,4x_DAPI_28610_1.2019.09.25.16.05.17.CSV,28610,Day3,,A2780ip2,2,2,20190916
I - 19,Summary,12117,,I,19,\\CTCRFile1.ad.tamhsc.edu\CTCR-Stor1$\MDA_KatelynFosterHandley_AnilSood\screen\raw data\run2\4x_DAPI\4x_DAPI_28610_1\4x_DAPI_28610_1.2019.09.25.16.05.17.CSV,4x_DAPI_28610_1.2019.09.25.16.05.17.CSV,28610,Day3,,A2780ip2,2,2,20190916
I - 20,Summary,12301,,I,20,\\CTCRFile1.ad.tamhsc.edu\CTCR-Stor1$\MDA_KatelynFosterHandley_AnilSood\screen\raw data\run2\4x_DAPI\4x_DAPI_28610_1\4x_DAPI_28610_1.2019.09.25.16.05.17.CSV,4x_DAPI_28610_1.2019.09.25.16.05.17.CSV,28610,Day3,,A2780ip2,2,2,20190916
I - 21,Summary,13823,,I,21,\\CTCRFile1.ad.tamhsc.edu\CTCR-Stor1$\MDA_KatelynFosterHandley_AnilSood\screen\raw data\run2\4x_DAPI\4x_DAPI_28610_1\4x_DAPI_28610_1.2019.09.25.16.05.17.CSV,4x_DAPI_28610_1.2019.09.25.16.05.17.CSV,28610,Day3,,A2780ip2,2,2,20190916
I - 22,Summary,12644,,I,22,\\CTCRFile1.ad.tamhsc.edu\CTCR-Stor1$\MDA_KatelynFosterHandley_AnilSood\screen\raw data\run2\4x_DAPI\4x_DAPI_28610_1\4x_DAPI_28610_1.2019.09.25.16.05.17.CSV,4x_DAPI_28610_1.2019.09.25.16.05.17.CSV,28610,Day3,,A2780ip2,2,2,20190916
I - 23,Summary,11086,,I,23,\\CTCRFile1.ad.tamhsc.edu\CTCR-Stor1$\MDA_KatelynFosterHandley_AnilSood\screen\raw data\run2\4x_DAPI\4x_DAPI_28610_1\4x_DAPI_28610_1.2019.09.25.16.05.17.CSV,4x_DAPI_28610_1.2019.09.25.16.05.17.CSV,28610,Day3,,A2780ip2,2,2,20190916
I - 24,Summary,12573,,I,24,\\CTCRFile1.ad.tamhsc.edu\CTCR-Stor1$\MDA_KatelynFosterHandley_AnilSood\screen\raw data\run2\4x_DAPI\4x_DAPI_28610_1\4x_DAPI_28610_1.2019.09.25.16.05.17.CSV,4x_DAPI_28610_1.2019.09.25.16.05.17.CSV,28610,Day3,,A2780ip2,2,2,20190916
J - 1,Summary,11463,,J,1,\\CTCRFile1.ad.tamhsc.edu\CTCR-Stor1$\MDA_KatelynFosterHandley_AnilSood\screen\raw data\run2\4x_DAPI\4x_DAPI_28610_1\4x_DAPI_28610_1.2019.09.25.16.05.17.CSV,4x_DAPI_28610_1.2019.09.25.16.05.17.CSV,28610,Day3,,A2780ip2,2,2,20190916
J - 2,Summary,12180,,J,2,\\CTCRFile1.ad.tamhsc.edu\CTCR-Stor1$\MDA_KatelynFosterHandley_AnilSood\screen\raw data\run2\4x_DAPI\4x_DAPI_28610_1\4x_DAPI_28610_1.2019.09.25.16.05.17.CSV,4x_DAPI_28610_1.2019.09.25.16.05.17.CSV,28610,Day3,,A2780ip2,2,2,20190916
J - 3,Summary,12152,,J,3,\\CTCRFile1.ad.tamhsc.edu\CTCR-Stor1$\MDA_KatelynFosterHandley_AnilSood\screen\raw data\run2\4x_DAPI\4x_DAPI_28610_1\4x_DAPI_28610_1.2019.09.25.16.05.17.CSV,4x_DAPI_28610_1.2019.09.25.16.05.17.CSV,28610,Day3,,A2780ip2,2,2,20190916
J - 4,Summary,12825,,J,4,\\CTCRFile1.ad.tamhsc.edu\CTCR-Stor1$\MDA_KatelynFosterHandley_AnilSood\screen\raw data\run2\4x_DAPI\4x_DAPI_28610_1\4x_DAPI_28610_1.2019.09.25.16.05.17.CSV,4x_DAPI_28610_1.2019.09.25.16.05.17.CSV,28610,Day3,,A2780ip2,2,2,20190916
J - 5,Summary,12706,,J,5,\\CTCRFile1.ad.tamhsc.edu\CTCR-Stor1$\MDA_KatelynFosterHandley_AnilSood\screen\raw data\run2\4x_DAPI\4x_DAPI_28610_1\4x_DAPI_28610_1.2019.09.25.16.05.17.CSV,4x_DAPI_28610_1.2019.09.25.16.05.17.CSV,28610,Day3,,A2780ip2,2,2,20190916
J - 6,Summary,12551,,J,6,\\CTCRFile1.ad.tamhsc.edu\CTCR-Stor1$\MDA_KatelynFosterHandley_AnilSood\screen\raw data\run2\4x_DAPI\4x_DAPI_28610_1\4x_DAPI_28610_1.2019.09.25.16.05.17.CSV,4x_DAPI_28610_1.2019.09.25.16.05.17.CSV,28610,Day3,,A2780ip2,2,2,20190916
J - 7,Summary,13390,,J,7,\\CTCRFile1.ad.tamhsc.edu\CTCR-Stor1$\MDA_KatelynFosterHandley_AnilSood\screen\raw data\run2\4x_DAPI\4x_DAPI_28610_1\4x_DAPI_28610_1.2019.09.25.16.05.17.CSV,4x_DAPI_28610_1.2019.09.25.16.05.17.CSV,28610,Day3,,A2780ip2,2,2,20190916
J - 8,Summary,11978,,J,8,\\CTCRFile1.ad.tamhsc.edu\CTCR-Stor1$\MDA_KatelynFosterHandley_AnilSood\screen\raw data\run2\4x_DAPI\4x_DAPI_28610_1\4x_DAPI_28610_1.2019.09.25.16.05.17.CSV,4x_DAPI_28610_1.2019.09.25.16.05.17.CSV,28610,Day3,,A2780ip2,2,2,20190916
J - 9,Summary,12788,,J,9,\\CTCRFile1.ad.tamhsc.edu\CTCR-Stor1$\MDA_KatelynFosterHandley_AnilSood\screen\raw data\run2\4x_DAPI\4x_DAPI_28610_1\4x_DAPI_28610_1.2019.09.25.16.05.17.CSV,4x_DAPI_28610_1.2019.09.25.16.05.17.CSV,28610,Day3,,A2780ip2,2,2,20190916
J - 10,Summary,11783,,J,10,\\CTCRFile1.ad.tamhsc.edu\CTCR-Stor1$\MDA_KatelynFosterHandley_AnilSood\screen\raw data\run2\4x_DAPI\4x_DAPI_28610_1\4x_DAPI_28610_1.2019.09.25.16.05.17.CSV,4x_DAPI_28610_1.2019.09.25.16.05.17.CSV,28610,Day3,,A2780ip2,2,2,20190916
J - 11,Summary,12234,,J,11,\\CTCRFile1.ad.tamhsc.edu\CTCR-Stor1$\MDA_KatelynFosterHandley_AnilSood\screen\raw data\run2\4x_DAPI\4x_DAPI_28610_1\4x_DAPI_28610_1.2019.09.25.16.05.17.CSV,4x_DAPI_28610_1.2019.09.25.16.05.17.CSV,28610,Day3,,A2780ip2,2,2,20190916
J - 12,Summary,13069,,J,12,\\CTCRFile1.ad.tamhsc.edu\CTCR-Stor1$\MDA_KatelynFosterHandley_AnilSood\screen\raw data\run2\4x_DAPI\4x_DAPI_28610_1\4x_DAPI_28610_1.2019.09.25.16.05.17.CSV,4x_DAPI_28610_1.2019.09.25.16.05.17.CSV,28610,Day3,,A2780ip2,2,2,20190916
J - 13,Summary,12218,,J,13,\\CTCRFile1.ad.tamhsc.edu\CTCR-Stor1$\MDA_KatelynFosterHandley_AnilSood\screen\raw data\run2\4x_DAPI\4x_DAPI_28610_1\4x_DAPI_28610_1.2019.09.25.16.05.17.CSV,4x_DAPI_28610_1.2019.09.25.16.05.17.CSV,28610,Day3,,A2780ip2,2,2,20190916
J - 14,Summary,12862,,J,14,\\CTCRFile1.ad.tamhsc.edu\CTCR-Stor1$\MDA_KatelynFosterHandley_AnilSood\screen\raw data\run2\4x_DAPI\4x_DAPI_28610_1\4x_DAPI_28610_1.2019.09.25.16.05.17.CSV,4x_DAPI_28610_1.2019.09.25.16.05.17.CSV,28610,Day3,,A2780ip2,2,2,20190916
J - 15,Summary,14143,,J,15,\\CTCRFile1.ad.tamhsc.edu\CTCR-Stor1$\MDA_KatelynFosterHandley_AnilSood\screen\raw data\run2\4x_DAPI\4x_DAPI_28610_1\4x_DAPI_28610_1.2019.09.25.16.05.17.CSV,4x_DAPI_28610_1.2019.09.25.16.05.17.CSV,28610,Day3,,A2780ip2,2,2,20190916
J - 16,Summary,13464,,J,16,\\CTCRFile1.ad.tamhsc.edu\CTCR-Stor1$\MDA_KatelynFosterHandley_AnilSood\screen\raw data\run2\4x_DAPI\4x_DAPI_28610_1\4x_DAPI_28610_1.2019.09.25.16.05.17.CSV,4x_DAPI_28610_1.2019.09.25.16.05.17.CSV,28610,Day3,,A2780ip2,2,2,20190916
J - 17,Summary,12396,,J,17,\\CTCRFile1.ad.tamhsc.edu\CTCR-Stor1$\MDA_KatelynFosterHandley_AnilSood\screen\raw data\run2\4x_DAPI\4x_DAPI_28610_1\4x_DAPI_28610_1.2019.09.25.16.05.17.CSV,4x_DAPI_28610_1.2019.09.25.16.05.17.CSV,28610,Day3,,A2780ip2,2,2,20190916
J - 18,Summary,12794,,J,18,\\CTCRFile1.ad.tamhsc.edu\CTCR-Stor1$\MDA_KatelynFosterHandley_AnilSood\screen\raw data\run2\4x_DAPI\4x_DAPI_28610_1\4x_DAPI_28610_1.2019.09.25.16.05.17.CSV,4x_DAPI_28610_1.2019.09.25.16.05.17.CSV,28610,Day3,,A2780ip2,2,2,20190916
J - 19,Summary,12651,,J,19,\\CTCRFile1.ad.tamhsc.edu\CTCR-Stor1$\MDA_KatelynFosterHandley_AnilSood\screen\raw data\run2\4x_DAPI\4x_DAPI_28610_1\4x_DAPI_28610_1.2019.09.25.16.05.17.CSV,4x_DAPI_28610_1.2019.09.25.16.05.17.CSV,28610,Day3,,A2780ip2,2,2,20190916
J - 20,Summary,13075,,J,20,\\CTCRFile1.ad.tamhsc.edu\CTCR-Stor1$\MDA_KatelynFosterHandley_AnilSood\screen\raw data\run2\4x_DAPI\4x_DAPI_28610_1\4x_DAPI_28610_1.2019.09.25.16.05.17.CSV,4x_DAPI_28610_1.2019.09.25.16.05.17.CSV,28610,Day3,,A2780ip2,2,2,20190916
J - 21,Summary,12231,,J,21,\\CTCRFile1.ad.tamhsc.edu\CTCR-Stor1$\MDA_KatelynFosterHandley_AnilSood\screen\raw data\run2\4x_DAPI\4x_DAPI_28610_1\4x_DAPI_28610_1.2019.09.25.16.05.17.CSV,4x_DAPI_28610_1.2019.09.25.16.05.17.CSV,28610,Day3,,A2780ip2,2,2,20190916
J - 22,Summary,12814,,J,22,\\CTCRFile1.ad.tamhsc.edu\CTCR-Stor1$\MDA_KatelynFosterHandley_AnilSood\screen\raw data\run2\4x_DAPI\4x_DAPI_28610_1\4x_DAPI_28610_1.2019.09.25.16.05.17.CSV,4x_DAPI_28610_1.2019.09.25.16.05.17.CSV,28610,Day3,,A2780ip2,2,2,20190916
J - 23,Summary,11263,,J,23,\\CTCRFile1.ad.tamhsc.edu\CTCR-Stor1$\MDA_KatelynFosterHandley_AnilSood\screen\raw data\run2\4x_DAPI\4x_DAPI_28610_1\4x_DAPI_28610_1.2019.09.25.16.05.17.CSV,4x_DAPI_28610_1.2019.09.25.16.05.17.CSV,28610,Day3,,A2780ip2,2,2,20190916
J - 24,Summary,11535,,J,24,\\CTCRFile1.ad.tamhsc.edu\CTCR-Stor1$\MDA_KatelynFosterHandley_AnilSood\screen\raw data\run2\4x_DAPI\4x_DAPI_28610_1\4x_DAPI_28610_1.2019.09.25.16.05.17.CSV,4x_DAPI_28610_1.2019.09.25.16.05.17.CSV,28610,Day3,,A2780ip2,2,2,20190916
K - 1,Summary,11572,,K,1,\\CTCRFile1.ad.tamhsc.edu\CTCR-Stor1$\MDA_KatelynFosterHandley_AnilSood\screen\raw data\run2\4x_DAPI\4x_DAPI_28610_1\4x_DAPI_28610_1.2019.09.25.16.05.17.CSV,4x_DAPI_28610_1.2019.09.25.16.05.17.CSV,28610,Day3,,A2780ip2,2,2,20190916
K - 2,Summary,12562,,K,2,\\CTCRFile1.ad.tamhsc.edu\CTCR-Stor1$\MDA_KatelynFosterHandley_AnilSood\screen\raw data\run2\4x_DAPI\4x_DAPI_28610_1\4x_DAPI_28610_1.2019.09.25.16.05.17.CSV,4x_DAPI_28610_1.2019.09.25.16.05.17.CSV,28610,Day3,,A2780ip2,2,2,20190916
K - 3,Summary,13784,,K,3,\\CTCRFile1.ad.tamhsc.edu\CTCR-Stor1$\MDA_KatelynFosterHandley_AnilSood\screen\raw data\run2\4x_DAPI\4x_DAPI_28610_1\4x_DAPI_28610_1.2019.09.25.16.05.17.CSV,4x_DAPI_28610_1.2019.09.25.16.05.17.CSV,28610,Day3,,A2780ip2,2,2,20190916
K - 4,Summary,12405,,K,4,\\CTCRFile1.ad.tamhsc.edu\CTCR-Stor1$\MDA_KatelynFosterHandley_AnilSood\screen\raw data\run2\4x_DAPI\4x_DAPI_28610_1\4x_DAPI_28610_1.2019.09.25.16.05.17.CSV,4x_DAPI_28610_1.2019.09.25.16.05.17.CSV,28610,Day3,,A2780ip2,2,2,20190916
K - 5,Summary,12019,,K,5,\\CTCRFile1.ad.tamhsc.edu\CTCR-Stor1$\MDA_KatelynFosterHandley_AnilSood\screen\raw data\run2\4x_DAPI\4x_DAPI_28610_1\4x_DAPI_28610_1.2019.09.25.16.05.17.CSV,4x_DAPI_28610_1.2019.09.25.16.05.17.CSV,28610,Day3,,A2780ip2,2,2,20190916
K - 6,Summary,13794,,K,6,\\CTCRFile1.ad.tamhsc.edu\CTCR-Stor1$\MDA_KatelynFosterHandley_AnilSood\screen\raw data\run2\4x_DAPI\4x_DAPI_28610_1\4x_DAPI_28610_1.2019.09.25.16.05.17.CSV,4x_DAPI_28610_1.2019.09.25.16.05.17.CSV,28610,Day3,,A2780ip2,2,2,20190916
K - 7,Summary,13282,,K,7,\\CTCRFile1.ad.tamhsc.edu\CTCR-Stor1$\MDA_KatelynFosterHandley_AnilSood\screen\raw data\run2\4x_DAPI\4x_DAPI_28610_1\4x_DAPI_28610_1.2019.09.25.16.05.17.CSV,4x_DAPI_28610_1.2019.09.25.16.05.17.CSV,28610,Day3,,A2780ip2,2,2,20190916
K - 8,Summary,13635,,K,8,\\CTCRFile1.ad.tamhsc.edu\CTCR-Stor1$\MDA_KatelynFosterHandley_AnilSood\screen\raw data\run2\4x_DAPI\4x_DAPI_28610_1\4x_DAPI_28610_1.2019.09.25.16.05.17.CSV,4x_DAPI_28610_1.2019.09.25.16.05.17.CSV,28610,Day3,,A2780ip2,2,2,20190916
K - 9,Summary,11424,,K,9,\\CTCRFile1.ad.tamhsc.edu\CTCR-Stor1$\MDA_KatelynFosterHandley_AnilSood\screen\raw data\run2\4x_DAPI\4x_DAPI_28610_1\4x_DAPI_28610_1.2019.09.25.16.05.17.CSV,4x_DAPI_28610_1.2019.09.25.16.05.17.CSV,28610,Day3,,A2780ip2,2,2,20190916
K - 10,Summary,12759,,K,10,\\CTCRFile1.ad.tamhsc.edu\CTCR-Stor1$\MDA_KatelynFosterHandley_AnilSood\screen\raw data\run2\4x_DAPI\4x_DAPI_28610_1\4x_DAPI_28610_1.2019.09.25.16.05.17.CSV,4x_DAPI_28610_1.2019.09.25.16.05.17.CSV,28610,Day3,,A2780ip2,2,2,20190916
K - 11,Summary,13258,,K,11,\\CTCRFile1.ad.tamhsc.edu\CTCR-Stor1$\MDA_KatelynFosterHandley_AnilSood\screen\raw data\run2\4x_DAPI\4x_DAPI_28610_1\4x_DAPI_28610_1.2019.09.25.16.05.17.CSV,4x_DAPI_28610_1.2019.09.25.16.05.17.CSV,28610,Day3,,A2780ip2,2,2,20190916
K - 12,Summary,12847,,K,12,\\CTCRFile1.ad.tamhsc.edu\CTCR-Stor1$\MDA_KatelynFosterHandley_AnilSood\screen\raw data\run2\4x_DAPI\4x_DAPI_28610_1\4x_DAPI_28610_1.2019.09.25.16.05.17.CSV,4x_DAPI_28610_1.2019.09.25.16.05.17.CSV,28610,Day3,,A2780ip2,2,2,20190916
K - 13,Summary,11160,,K,13,\\CTCRFile1.ad.tamhsc.edu\CTCR-Stor1$\MDA_KatelynFosterHandley_AnilSood\screen\raw data\run2\4x_DAPI\4x_DAPI_28610_1\4x_DAPI_28610_1.2019.09.25.16.05.17.CSV,4x_DAPI_28610_1.2019.09.25.16.05.17.CSV,28610,Day3,,A2780ip2,2,2,20190916
K - 14,Summary,12237,,K,14,\\CTCRFile1.ad.tamhsc.edu\CTCR-Stor1$\MDA_KatelynFosterHandley_AnilSood\screen\raw data\run2\4x_DAPI\4x_DAPI_28610_1\4x_DAPI_28610_1.2019.09.25.16.05.17.CSV,4x_DAPI_28610_1.2019.09.25.16.05.17.CSV,28610,Day3,,A2780ip2,2,2,20190916
K - 15,Summary,11033,,K,15,\\CTCRFile1.ad.tamhsc.edu\CTCR-Stor1$\MDA_KatelynFosterHandley_AnilSood\screen\raw data\run2\4x_DAPI\4x_DAPI_28610_1\4x_DAPI_28610_1.2019.09.25.16.05.17.CSV,4x_DAPI_28610_1.2019.09.25.16.05.17.CSV,28610,Day3,,A2780ip2,2,2,20190916
K - 16,Summary,12428,,K,16,\\CTCRFile1.ad.tamhsc.edu\CTCR-Stor1$\MDA_KatelynFosterHandley_AnilSood\screen\raw data\run2\4x_DAPI\4x_DAPI_28610_1\4x_DAPI_28610_1.2019.09.25.16.05.17.CSV,4x_DAPI_28610_1.2019.09.25.16.05.17.CSV,28610,Day3,,A2780ip2,2,2,20190916
K - 17,Summary,12678,,K,17,\\CTCRFile1.ad.tamhsc.edu\CTCR-Stor1$\MDA_KatelynFosterHandley_AnilSood\screen\raw data\run2\4x_DAPI\4x_DAPI_28610_1\4x_DAPI_28610_1.2019.09.25.16.05.17.CSV,4x_DAPI_28610_1.2019.09.25.16.05.17.CSV,28610,Day3,,A2780ip2,2,2,20190916
K - 18,Summary,11692,,K,18,\\CTCRFile1.ad.tamhsc.edu\CTCR-Stor1$\MDA_KatelynFosterHandley_AnilSood\screen\raw data\run2\4x_DAPI\4x_DAPI_28610_1\4x_DAPI_28610_1.2019.09.25.16.05.17.CSV,4x_DAPI_28610_1.2019.09.25.16.05.17.CSV,28610,Day3,,A2780ip2,2,2,20190916
K - 19,Summary,12732,,K,19,\\CTCRFile1.ad.tamhsc.edu\CTCR-Stor1$\MDA_KatelynFosterHandley_AnilSood\screen\raw data\run2\4x_DAPI\4x_DAPI_28610_1\4x_DAPI_28610_1.2019.09.25.16.05.17.CSV,4x_DAPI_28610_1.2019.09.25.16.05.17.CSV,28610,Day3,,A2780ip2,2,2,20190916
K - 20,Summary,12577,,K,20,\\CTCRFile1.ad.tamhsc.edu\CTCR-Stor1$\MDA_KatelynFosterHandley_AnilSood\screen\raw data\run2\4x_DAPI\4x_DAPI_28610_1\4x_DAPI_28610_1.2019.09.25.16.05.17.CSV,4x_DAPI_28610_1.2019.09.25.16.05.17.CSV,28610,Day3,,A2780ip2,2,2,20190916
K - 21,Summary,12101,,K,21,\\CTCRFile1.ad.tamhsc.edu\CTCR-Stor1$\MDA_KatelynFosterHandley_AnilSood\screen\raw data\run2\4x_DAPI\4x_DAPI_28610_1\4x_DAPI_28610_1.2019.09.25.16.05.17.CSV,4x_DAPI_28610_1.2019.09.25.16.05.17.CSV,28610,Day3,,A2780ip2,2,2,20190916
K - 22,Summary,13170,,K,22,\\CTCRFile1.ad.tamhsc.edu\CTCR-Stor1$\MDA_KatelynFosterHandley_AnilSood\screen\raw data\run2\4x_DAPI\4x_DAPI_28610_1\4x_DAPI_28610_1.2019.09.25.16.05.17.CSV,4x_DAPI_28610_1.2019.09.25.16.05.17.CSV,28610,Day3,,A2780ip2,2,2,20190916
K - 23,Summary,12049,,K,23,\\CTCRFile1.ad.tamhsc.edu\CTCR-Stor1$\MDA_KatelynFosterHandley_AnilSood\screen\raw data\run2\4x_DAPI\4x_DAPI_28610_1\4x_DAPI_28610_1.2019.09.25.16.05.17.CSV,4x_DAPI_28610_1.2019.09.25.16.05.17.CSV,28610,Day3,,A2780ip2,2,2,20190916
K - 24,Summary,11943,,K,24,\\CTCRFile1.ad.tamhsc.edu\CTCR-Stor1$\MDA_KatelynFosterHandley_AnilSood\screen\raw data\run2\4x_DAPI\4x_DAPI_28610_1\4x_DAPI_28610_1.2019.09.25.16.05.17.CSV,4x_DAPI_28610_1.2019.09.25.16.05.17.CSV,28610,Day3,,A2780ip2,2,2,20190916
L - 1,Summary,12303,,L,1,\\CTCRFile1.ad.tamhsc.edu\CTCR-Stor1$\MDA_KatelynFosterHandley_AnilSood\screen\raw data\run2\4x_DAPI\4x_DAPI_28610_1\4x_DAPI_28610_1.2019.09.25.16.05.17.CSV,4x_DAPI_28610_1.2019.09.25.16.05.17.CSV,28610,Day3,,A2780ip2,2,2,20190916
L - 2,Summary,12021,,L,2,\\CTCRFile1.ad.tamhsc.edu\CTCR-Stor1$\MDA_KatelynFosterHandley_AnilSood\screen\raw data\run2\4x_DAPI\4x_DAPI_28610_1\4x_DAPI_28610_1.2019.09.25.16.05.17.CSV,4x_DAPI_28610_1.2019.09.25.16.05.17.CSV,28610,Day3,,A2780ip2,2,2,20190916
L - 3,Summary,12202,,L,3,\\CTCRFile1.ad.tamhsc.edu\CTCR-Stor1$\MDA_KatelynFosterHandley_AnilSood\screen\raw data\run2\4x_DAPI\4x_DAPI_28610_1\4x_DAPI_28610_1.2019.09.25.16.05.17.CSV,4x_DAPI_28610_1.2019.09.25.16.05.17.CSV,28610,Day3,,A2780ip2,2,2,20190916
L - 4,Summary,13080,,L,4,\\CTCRFile1.ad.tamhsc.edu\CTCR-Stor1$\MDA_KatelynFosterHandley_AnilSood\screen\raw data\run2\4x_DAPI\4x_DAPI_28610_1\4x_DAPI_28610_1.2019.09.25.16.05.17.CSV,4x_DAPI_28610_1.2019.09.25.16.05.17.CSV,28610,Day3,,A2780ip2,2,2,20190916
L - 5,Summary,13794,,L,5,\\CTCRFile1.ad.tamhsc.edu\CTCR-Stor1$\MDA_KatelynFosterHandley_AnilSood\screen\raw data\run2\4x_DAPI\4x_DAPI_28610_1\4x_DAPI_28610_1.2019.09.25.16.05.17.CSV,4x_DAPI_28610_1.2019.09.25.16.05.17.CSV,28610,Day3,,A2780ip2,2,2,20190916
L - 6,Summary,12923,,L,6,\\CTCRFile1.ad.tamhsc.edu\CTCR-Stor1$\MDA_KatelynFosterHandley_AnilSood\screen\raw data\run2\4x_DAPI\4x_DAPI_28610_1\4x_DAPI_28610_1.2019.09.25.16.05.17.CSV,4x_DAPI_28610_1.2019.09.25.16.05.17.CSV,28610,Day3,,A2780ip2,2,2,20190916
L - 7,Summary,12917,,L,7,\\CTCRFile1.ad.tamhsc.edu\CTCR-Stor1$\MDA_KatelynFosterHandley_AnilSood\screen\raw data\run2\4x_DAPI\4x_DAPI_28610_1\4x_DAPI_28610_1.2019.09.25.16.05.17.CSV,4x_DAPI_28610_1.2019.09.25.16.05.17.CSV,28610,Day3,,A2780ip2,2,2,20190916
L - 8,Summary,11989,,L,8,\\CTCRFile1.ad.tamhsc.edu\CTCR-Stor1$\MDA_KatelynFosterHandley_AnilSood\screen\raw data\run2\4x_DAPI\4x_DAPI_28610_1\4x_DAPI_28610_1.2019.09.25.16.05.17.CSV,4x_DAPI_28610_1.2019.09.25.16.05.17.CSV,28610,Day3,,A2780ip2,2,2,20190916
L - 9,Summary,11790,,L,9,\\CTCRFile1.ad.tamhsc.edu\CTCR-Stor1$\MDA_KatelynFosterHandley_AnilSood\screen\raw data\run2\4x_DAPI\4x_DAPI_28610_1\4x_DAPI_28610_1.2019.09.25.16.05.17.CSV,4x_DAPI_28610_1.2019.09.25.16.05.17.CSV,28610,Day3,,A2780ip2,2,2,20190916
L - 10,Summary,12872,,L,10,\\CTCRFile1.ad.tamhsc.edu\CTCR-Stor1$\MDA_KatelynFosterHandley_AnilSood\screen\raw data\run2\4x_DAPI\4x_DAPI_28610_1\4x_DAPI_28610_1.2019.09.25.16.05.17.CSV,4x_DAPI_28610_1.2019.09.25.16.05.17.CSV,28610,Day3,,A2780ip2,2,2,20190916
L - 11,Summary,12057,,L,11,\\CTCRFile1.ad.tamhsc.edu\CTCR-Stor1$\MDA_KatelynFosterHandley_AnilSood\screen\raw data\run2\4x_DAPI\4x_DAPI_28610_1\4x_DAPI_28610_1.2019.09.25.16.05.17.CSV,4x_DAPI_28610_1.2019.09.25.16.05.17.CSV,28610,Day3,,A2780ip2,2,2,20190916
L - 12,Summary,11990,,L,12,\\CTCRFile1.ad.tamhsc.edu\CTCR-Stor1$\MDA_KatelynFosterHandley_AnilSood\screen\raw data\run2\4x_DAPI\4x_DAPI_28610_1\4x_DAPI_28610_1.2019.09.25.16.05.17.CSV,4x_DAPI_28610_1.2019.09.25.16.05.17.CSV,28610,Day3,,A2780ip2,2,2,20190916
L - 13,Summary,13538,,L,13,\\CTCRFile1.ad.tamhsc.edu\CTCR-Stor1$\MDA_KatelynFosterHandley_AnilSood\screen\raw data\run2\4x_DAPI\4x_DAPI_28610_1\4x_DAPI_28610_1.2019.09.25.16.05.17.CSV,4x_DAPI_28610_1.2019.09.25.16.05.17.CSV,28610,Day3,,A2780ip2,2,2,20190916
L - 14,Summary,12465,,L,14,\\CTCRFile1.ad.tamhsc.edu\CTCR-Stor1$\MDA_KatelynFosterHandley_AnilSood\screen\raw data\run2\4x_DAPI\4x_DAPI_28610_1\4x_DAPI_28610_1.2019.09.25.16.05.17.CSV,4x_DAPI_28610_1.2019.09.25.16.05.17.CSV,28610,Day3,,A2780ip2,2,2,20190916
L - 15,Summary,12444,,L,15,\\CTCRFile1.ad.tamhsc.edu\CTCR-Stor1$\MDA_KatelynFosterHandley_AnilSood\screen\raw data\run2\4x_DAPI\4x_DAPI_28610_1\4x_DAPI_28610_1.2019.09.25.16.05.17.CSV,4x_DAPI_28610_1.2019.09.25.16.05.17.CSV,28610,Day3,,A2780ip2,2,2,20190916
L - 16,Summary,11979,,L,16,\\CTCRFile1.ad.tamhsc.edu\CTCR-Stor1$\MDA_KatelynFosterHandley_AnilSood\screen\raw data\run2\4x_DAPI\4x_DAPI_28610_1\4x_DAPI_28610_1.2019.09.25.16.05.17.CSV,4x_DAPI_28610_1.2019.09.25.16.05.17.CSV,28610,Day3,,A2780ip2,2,2,20190916
L - 17,Summary,13116,,L,17,\\CTCRFile1.ad.tamhsc.edu\CTCR-Stor1$\MDA_KatelynFosterHandley_AnilSood\screen\raw data\run2\4x_DAPI\4x_DAPI_28610_1\4x_DAPI_28610_1.2019.09.25.16.05.17.CSV,4x_DAPI_28610_1.2019.09.25.16.05.17.CSV,28610,Day3,,A2780ip2,2,2,20190916
L - 18,Summary,12896,,L,18,\\CTCRFile1.ad.tamhsc.edu\CTCR-Stor1$\MDA_KatelynFosterHandley_AnilSood\screen\raw data\run2\4x_DAPI\4x_DAPI_28610_1\4x_DAPI_28610_1.2019.09.25.16.05.17.CSV,4x_DAPI_28610_1.2019.09.25.16.05.17.CSV,28610,Day3,,A2780ip2,2,2,20190916
L - 19,Summary,13182,,L,19,\\CTCRFile1.ad.tamhsc.edu\CTCR-Stor1$\MDA_KatelynFosterHandley_AnilSood\screen\raw data\run2\4x_DAPI\4x_DAPI_28610_1\4x_DAPI_28610_1.2019.09.25.16.05.17.CSV,4x_DAPI_28610_1.2019.09.25.16.05.17.CSV,28610,Day3,,A2780ip2,2,2,20190916
L - 20,Summary,13146,,L,20,\\CTCRFile1.ad.tamhsc.edu\CTCR-Stor1$\MDA_KatelynFosterHandley_AnilSood\screen\raw data\run2\4x_DAPI\4x_DAPI_28610_1\4x_DAPI_28610_1.2019.09.25.16.05.17.CSV,4x_DAPI_28610_1.2019.09.25.16.05.17.CSV,28610,Day3,,A2780ip2,2,2,20190916
L - 21,Summary,13376,,L,21,\\CTCRFile1.ad.tamhsc.edu\CTCR-Stor1$\MDA_KatelynFosterHandley_AnilSood\screen\raw data\run2\4x_DAPI\4x_DAPI_28610_1\4x_DAPI_28610_1.2019.09.25.16.05.17.CSV,4x_DAPI_28610_1.2019.09.25.16.05.17.CSV,28610,Day3,,A2780ip2,2,2,20190916
L - 22,Summary,12305,,L,22,\\CTCRFile1.ad.tamhsc.edu\CTCR-Stor1$\MDA_KatelynFosterHandley_AnilSood\screen\raw data\run2\4x_DAPI\4x_DAPI_28610_1\4x_DAPI_28610_1.2019.09.25.16.05.17.CSV,4x_DAPI_28610_1.2019.09.25.16.05.17.CSV,28610,Day3,,A2780ip2,2,2,20190916
L - 23,Summary,11623,,L,23,\\CTCRFile1.ad.tamhsc.edu\CTCR-Stor1$\MDA_KatelynFosterHandley_AnilSood\screen\raw data\run2\4x_DAPI\4x_DAPI_28610_1\4x_DAPI_28610_1.2019.09.25.16.05.17.CSV,4x_DAPI_28610_1.2019.09.25.16.05.17.CSV,28610,Day3,,A2780ip2,2,2,20190916
L - 24,Summary,12367,,L,24,\\CTCRFile1.ad.tamhsc.edu\CTCR-Stor1$\MDA_KatelynFosterHandley_AnilSood\screen\raw data\run2\4x_DAPI\4x_DAPI_28610_1\4x_DAPI_28610_1.2019.09.25.16.05.17.CSV,4x_DAPI_28610_1.2019.09.25.16.05.17.CSV,28610,Day3,,A2780ip2,2,2,20190916
M - 1,Summary,10106,,M,1,\\CTCRFile1.ad.tamhsc.edu\CTCR-Stor1$\MDA_KatelynFosterHandley_AnilSood\screen\raw data\run2\4x_DAPI\4x_DAPI_28610_1\4x_DAPI_28610_1.2019.09.25.16.05.17.CSV,4x_DAPI_28610_1.2019.09.25.16.05.17.CSV,28610,Day3,,A2780ip2,2,2,20190916
M - 2,Summary,13903,,M,2,\\CTCRFile1.ad.tamhsc.edu\CTCR-Stor1$\MDA_KatelynFosterHandley_AnilSood\screen\raw data\run2\4x_DAPI\4x_DAPI_28610_1\4x_DAPI_28610_1.2019.09.25.16.05.17.CSV,4x_DAPI_28610_1.2019.09.25.16.05.17.CSV,28610,Day3,,A2780ip2,2,2,20190916
M - 3,Summary,12627,,M,3,\\CTCRFile1.ad.tamhsc.edu\CTCR-Stor1$\MDA_KatelynFosterHandley_AnilSood\screen\raw data\run2\4x_DAPI\4x_DAPI_28610_1\4x_DAPI_28610_1.2019.09.25.16.05.17.CSV,4x_DAPI_28610_1.2019.09.25.16.05.17.CSV,28610,Day3,,A2780ip2,2,2,20190916
M - 4,Summary,13255,,M,4,\\CTCRFile1.ad.tamhsc.edu\CTCR-Stor1$\MDA_KatelynFosterHandley_AnilSood\screen\raw data\run2\4x_DAPI\4x_DAPI_28610_1\4x_DAPI_28610_1.2019.09.25.16.05.17.CSV,4x_DAPI_28610_1.2019.09.25.16.05.17.CSV,28610,Day3,,A2780ip2,2,2,20190916
M - 5,Summary,11630,,M,5,\\CTCRFile1.ad.tamhsc.edu\CTCR-Stor1$\MDA_KatelynFosterHandley_AnilSood\screen\raw data\run2\4x_DAPI\4x_DAPI_28610_1\4x_DAPI_28610_1.2019.09.25.16.05.17.CSV,4x_DAPI_28610_1.2019.09.25.16.05.17.CSV,28610,Day3,,A2780ip2,2,2,20190916
M - 6,Summary,12061,,M,6,\\CTCRFile1.ad.tamhsc.edu\CTCR-Stor1$\MDA_KatelynFosterHandley_AnilSood\screen\raw data\run2\4x_DAPI\4x_DAPI_28610_1\4x_DAPI_28610_1.2019.09.25.16.05.17.CSV,4x_DAPI_28610_1.2019.09.25.16.05.17.CSV,28610,Day3,,A2780ip2,2,2,20190916
M - 7,Summary,12364,,M,7,\\CTCRFile1.ad.tamhsc.edu\CTCR-Stor1$\MDA_KatelynFosterHandley_AnilSood\screen\raw data\run2\4x_DAPI\4x_DAPI_28610_1\4x_DAPI_28610_1.2019.09.25.16.05.17.CSV,4x_DAPI_28610_1.2019.09.25.16.05.17.CSV,28610,Day3,,A2780ip2,2,2,20190916
M - 8,Summary,12137,,M,8,\\CTCRFile1.ad.tamhsc.edu\CTCR-Stor1$\MDA_KatelynFosterHandley_AnilSood\screen\raw data\run2\4x_DAPI\4x_DAPI_28610_1\4x_DAPI_28610_1.2019.09.25.16.05.17.CSV,4x_DAPI_28610_1.2019.09.25.16.05.17.CSV,28610,Day3,,A2780ip2,2,2,20190916
M - 9,Summary,12672,,M,9,\\CTCRFile1.ad.tamhsc.edu\CTCR-Stor1$\MDA_KatelynFosterHandley_AnilSood\screen\raw data\run2\4x_DAPI\4x_DAPI_28610_1\4x_DAPI_28610_1.2019.09.25.16.05.17.CSV,4x_DAPI_28610_1.2019.09.25.16.05.17.CSV,28610,Day3,,A2780ip2,2,2,20190916
M - 10,Summary,12949,,M,10,\\CTCRFile1.ad.tamhsc.edu\CTCR-Stor1$\MDA_KatelynFosterHandley_AnilSood\screen\raw data\run2\4x_DAPI\4x_DAPI_28610_1\4x_DAPI_28610_1.2019.09.25.16.05.17.CSV,4x_DAPI_28610_1.2019.09.25.16.05.17.CSV,28610,Day3,,A2780ip2,2,2,20190916
M - 11,Summary,12256,,M,11,\\CTCRFile1.ad.tamhsc.edu\CTCR-Stor1$\MDA_KatelynFosterHandley_AnilSood\screen\raw data\run2\4x_DAPI\4x_DAPI_28610_1\4x_DAPI_28610_1.2019.09.25.16.05.17.CSV,4x_DAPI_28610_1.2019.09.25.16.05.17.CSV,28610,Day3,,A2780ip2,2,2,20190916
M - 12,Summary,12580,,M,12,\\CTCRFile1.ad.tamhsc.edu\CTCR-Stor1$\MDA_KatelynFosterHandley_AnilSood\screen\raw data\run2\4x_DAPI\4x_DAPI_28610_1\4x_DAPI_28610_1.2019.09.25.16.05.17.CSV,4x_DAPI_28610_1.2019.09.25.16.05.17.CSV,28610,Day3,,A2780ip2,2,2,20190916
M - 13,Summary,12906,,M,13,\\CTCRFile1.ad.tamhsc.edu\CTCR-Stor1$\MDA_KatelynFosterHandley_AnilSood\screen\raw data\run2\4x_DAPI\4x_DAPI_28610_1\4x_DAPI_28610_1.2019.09.25.16.05.17.CSV,4x_DAPI_28610_1.2019.09.25.16.05.17.CSV,28610,Day3,,A2780ip2,2,2,20190916
M - 14,Summary,12716,,M,14,\\CTCRFile1.ad.tamhsc.edu\CTCR-Stor1$\MDA_KatelynFosterHandley_AnilSood\screen\raw data\run2\4x_DAPI\4x_DAPI_28610_1\4x_DAPI_28610_1.2019.09.25.16.05.17.CSV,4x_DAPI_28610_1.2019.09.25.16.05.17.CSV,28610,Day3,,A2780ip2,2,2,20190916
M - 15,Summary,12926,,M,15,\\CTCRFile1.ad.tamhsc.edu\CTCR-Stor1$\MDA_KatelynFosterHandley_AnilSood\screen\raw data\run2\4x_DAPI\4x_DAPI_28610_1\4x_DAPI_28610_1.2019.09.25.16.05.17.CSV,4x_DAPI_28610_1.2019.09.25.16.05.17.CSV,28610,Day3,,A2780ip2,2,2,20190916
M - 16,Summary,13247,,M,16,\\CTCRFile1.ad.tamhsc.edu\CTCR-Stor1$\MDA_KatelynFosterHandley_AnilSood\screen\raw data\run2\4x_DAPI\4x_DAPI_28610_1\4x_DAPI_28610_1.2019.09.25.16.05.17.CSV,4x_DAPI_28610_1.2019.09.25.16.05.17.CSV,28610,Day3,,A2780ip2,2,2,20190916
M - 17,Summary,12431,,M,17,\\CTCRFile1.ad.tamhsc.edu\CTCR-Stor1$\MDA_KatelynFosterHandley_AnilSood\screen\raw data\run2\4x_DAPI\4x_DAPI_28610_1\4x_DAPI_28610_1.2019.09.25.16.05.17.CSV,4x_DAPI_28610_1.2019.09.25.16.05.17.CSV,28610,Day3,,A2780ip2,2,2,20190916
M - 18,Summary,11736,,M,18,\\CTCRFile1.ad.tamhsc.edu\CTCR-Stor1$\MDA_KatelynFosterHandley_AnilSood\screen\raw data\run2\4x_DAPI\4x_DAPI_28610_1\4x_DAPI_28610_1.2019.09.25.16.05.17.CSV,4x_DAPI_28610_1.2019.09.25.16.05.17.CSV,28610,Day3,,A2780ip2,2,2,20190916
M - 19,Summary,13180,,M,19,\\CTCRFile1.ad.tamhsc.edu\CTCR-Stor1$\MDA_KatelynFosterHandley_AnilSood\screen\raw data\run2\4x_DAPI\4x_DAPI_28610_1\4x_DAPI_28610_1.2019.09.25.16.05.17.CSV,4x_DAPI_28610_1.2019.09.25.16.05.17.CSV,28610,Day3,,A2780ip2,2,2,20190916
M - 20,Summary,14333,,M,20,\\CTCRFile1.ad.tamhsc.edu\CTCR-Stor1$\MDA_KatelynFosterHandley_AnilSood\screen\raw data\run2\4x_DAPI\4x_DAPI_28610_1\4x_DAPI_28610_1.2019.09.25.16.05.17.CSV,4x_DAPI_28610_1.2019.09.25.16.05.17.CSV,28610,Day3,,A2780ip2,2,2,20190916
M - 21,Summary,13559,,M,21,\\CTCRFile1.ad.tamhsc.edu\CTCR-Stor1$\MDA_KatelynFosterHandley_AnilSood\screen\raw data\run2\4x_DAPI\4x_DAPI_28610_1\4x_DAPI_28610_1.2019.09.25.16.05.17.CSV,4x_DAPI_28610_1.2019.09.25.16.05.17.CSV,28610,Day3,,A2780ip2,2,2,20190916
M - 22,Summary,13916,,M,22,\\CTCRFile1.ad.tamhsc.edu\CTCR-Stor1$\MDA_KatelynFosterHandley_AnilSood\screen\raw data\run2\4x_DAPI\4x_DAPI_28610_1\4x_DAPI_28610_1.2019.09.25.16.05.17.CSV,4x_DAPI_28610_1.2019.09.25.16.05.17.CSV,28610,Day3,,A2780ip2,2,2,20190916
M - 23,Summary,12353,,M,23,\\CTCRFile1.ad.tamhsc.edu\CTCR-Stor1$\MDA_KatelynFosterHandley_AnilSood\screen\raw data\run2\4x_DAPI\4x_DAPI_28610_1\4x_DAPI_28610_1.2019.09.25.16.05.17.CSV,4x_DAPI_28610_1.2019.09.25.16.05.17.CSV,28610,Day3,,A2780ip2,2,2,20190916
M - 24,Summary,11056,,M,24,\\CTCRFile1.ad.tamhsc.edu\CTCR-Stor1$\MDA_KatelynFosterHandley_AnilSood\screen\raw data\run2\4x_DAPI\4x_DAPI_28610_1\4x_DAPI_28610_1.2019.09.25.16.05.17.CSV,4x_DAPI_28610_1.2019.09.25.16.05.17.CSV,28610,Day3,,A2780ip2,2,2,20190916
N - 1,Summary,12002,,N,1,\\CTCRFile1.ad.tamhsc.edu\CTCR-Stor1$\MDA_KatelynFosterHandley_AnilSood\screen\raw data\run2\4x_DAPI\4x_DAPI_28610_1\4x_DAPI_28610_1.2019.09.25.16.05.17.CSV,4x_DAPI_28610_1.2019.09.25.16.05.17.CSV,28610,Day3,,A2780ip2,2,2,20190916
N - 2,Summary,11757,,N,2,\\CTCRFile1.ad.tamhsc.edu\CTCR-Stor1$\MDA_KatelynFosterHandley_AnilSood\screen\raw data\run2\4x_DAPI\4x_DAPI_28610_1\4x_DAPI_28610_1.2019.09.25.16.05.17.CSV,4x_DAPI_28610_1.2019.09.25.16.05.17.CSV,28610,Day3,,A2780ip2,2,2,20190916
N - 3,Summary,12684,,N,3,\\CTCRFile1.ad.tamhsc.edu\CTCR-Stor1$\MDA_KatelynFosterHandley_AnilSood\screen\raw data\run2\4x_DAPI\4x_DAPI_28610_1\4x_DAPI_28610_1.2019.09.25.16.05.17.CSV,4x_DAPI_28610_1.2019.09.25.16.05.17.CSV,28610,Day3,,A2780ip2,2,2,20190916
N - 4,Summary,13071,,N,4,\\CTCRFile1.ad.tamhsc.edu\CTCR-Stor1$\MDA_KatelynFosterHandley_AnilSood\screen\raw data\run2\4x_DAPI\4x_DAPI_28610_1\4x_DAPI_28610_1.2019.09.25.16.05.17.CSV,4x_DAPI_28610_1.2019.09.25.16.05.17.CSV,28610,Day3,,A2780ip2,2,2,20190916
N - 5,Summary,11225,,N,5,\\CTCRFile1.ad.tamhsc.edu\CTCR-Stor1$\MDA_KatelynFosterHandley_AnilSood\screen\raw data\run2\4x_DAPI\4x_DAPI_28610_1\4x_DAPI_28610_1.2019.09.25.16.05.17.CSV,4x_DAPI_28610_1.2019.09.25.16.05.17.CSV,28610,Day3,,A2780ip2,2,2,20190916
N - 6,Summary,12868,,N,6,\\CTCRFile1.ad.tamhsc.edu\CTCR-Stor1$\MDA_KatelynFosterHandley_AnilSood\screen\raw data\run2\4x_DAPI\4x_DAPI_28610_1\4x_DAPI_28610_1.2019.09.25.16.05.17.CSV,4x_DAPI_28610_1.2019.09.25.16.05.17.CSV,28610,Day3,,A2780ip2,2,2,20190916
N - 7,Summary,12584,,N,7,\\CTCRFile1.ad.tamhsc.edu\CTCR-Stor1$\MDA_KatelynFosterHandley_AnilSood\screen\raw data\run2\4x_DAPI\4x_DAPI_28610_1\4x_DAPI_28610_1.2019.09.25.16.05.17.CSV,4x_DAPI_28610_1.2019.09.25.16.05.17.CSV,28610,Day3,,A2780ip2,2,2,20190916
N - 8,Summary,12894,,N,8,\\CTCRFile1.ad.tamhsc.edu\CTCR-Stor1$\MDA_KatelynFosterHandley_AnilSood\screen\raw data\run2\4x_DAPI\4x_DAPI_28610_1\4x_DAPI_28610_1.2019.09.25.16.05.17.CSV,4x_DAPI_28610_1.2019.09.25.16.05.17.CSV,28610,Day3,,A2780ip2,2,2,20190916
N - 9,Summary,11772,,N,9,\\CTCRFile1.ad.tamhsc.edu\CTCR-Stor1$\MDA_KatelynFosterHandley_AnilSood\screen\raw data\run2\4x_DAPI\4x_DAPI_28610_1\4x_DAPI_28610_1.2019.09.25.16.05.17.CSV,4x_DAPI_28610_1.2019.09.25.16.05.17.CSV,28610,Day3,,A2780ip2,2,2,20190916
N - 10,Summary,13063,,N,10,\\CTCRFile1.ad.tamhsc.edu\CTCR-Stor1$\MDA_KatelynFosterHandley_AnilSood\screen\raw data\run2\4x_DAPI\4x_DAPI_28610_1\4x_DAPI_28610_1.2019.09.25.16.05.17.CSV,4x_DAPI_28610_1.2019.09.25.16.05.17.CSV,28610,Day3,,A2780ip2,2,2,20190916
N - 11,Summary,11937,,N,11,\\CTCRFile1.ad.tamhsc.edu\CTCR-Stor1$\MDA_KatelynFosterHandley_AnilSood\screen\raw data\run2\4x_DAPI\4x_DAPI_28610_1\4x_DAPI_28610_1.2019.09.25.16.05.17.CSV,4x_DAPI_28610_1.2019.09.25.16.05.17.CSV,28610,Day3,,A2780ip2,2,2,20190916
N - 12,Summary,13092,,N,12,\\CTCRFile1.ad.tamhsc.edu\CTCR-Stor1$\MDA_KatelynFosterHandley_AnilSood\screen\raw data\run2\4x_DAPI\4x_DAPI_28610_1\4x_DAPI_28610_1.2019.09.25.16.05.17.CSV,4x_DAPI_28610_1.2019.09.25.16.05.17.CSV,28610,Day3,,A2780ip2,2,2,20190916
N - 13,Summary,11507,,N,13,\\CTCRFile1.ad.tamhsc.edu\CTCR-Stor1$\MDA_KatelynFosterHandley_AnilSood\screen\raw data\run2\4x_DAPI\4x_DAPI_28610_1\4x_DAPI_28610_1.2019.09.25.16.05.17.CSV,4x_DAPI_28610_1.2019.09.25.16.05.17.CSV,28610,Day3,,A2780ip2,2,2,20190916
N - 14,Summary,13394,,N,14,\\CTCRFile1.ad.tamhsc.edu\CTCR-Stor1$\MDA_KatelynFosterHandley_AnilSood\screen\raw data\run2\4x_DAPI\4x_DAPI_28610_1\4x_DAPI_28610_1.2019.09.25.16.05.17.CSV,4x_DAPI_28610_1.2019.09.25.16.05.17.CSV,28610,Day3,,A2780ip2,2,2,20190916
N - 15,Summary,12374,,N,15,\\CTCRFile1.ad.tamhsc.edu\CTCR-Stor1$\MDA_KatelynFosterHandley_AnilSood\screen\raw data\run2\4x_DAPI\4x_DAPI_28610_1\4x_DAPI_28610_1.2019.09.25.16.05.17.CSV,4x_DAPI_28610_1.2019.09.25.16.05.17.CSV,28610,Day3,,A2780ip2,2,2,20190916
N - 16,Summary,12589,,N,16,\\CTCRFile1.ad.tamhsc.edu\CTCR-Stor1$\MDA_KatelynFosterHandley_AnilSood\screen\raw data\run2\4x_DAPI\4x_DAPI_28610_1\4x_DAPI_28610_1.2019.09.25.16.05.17.CSV,4x_DAPI_28610_1.2019.09.25.16.05.17.CSV,28610,Day3,,A2780ip2,2,2,20190916
N - 17,Summary,11920,,N,17,\\CTCRFile1.ad.tamhsc.edu\CTCR-Stor1$\MDA_KatelynFosterHandley_AnilSood\screen\raw data\run2\4x_DAPI\4x_DAPI_28610_1\4x_DAPI_28610_1.2019.09.25.16.05.17.CSV,4x_DAPI_28610_1.2019.09.25.16.05.17.CSV,28610,Day3,,A2780ip2,2,2,20190916
N - 18,Summary,12214,,N,18,\\CTCRFile1.ad.tamhsc.edu\CTCR-Stor1$\MDA_KatelynFosterHandley_AnilSood\screen\raw data\run2\4x_DAPI\4x_DAPI_28610_1\4x_DAPI_28610_1.2019.09.25.16.05.17.CSV,4x_DAPI_28610_1.2019.09.25.16.05.17.CSV,28610,Day3,,A2780ip2,2,2,20190916
N - 19,Summary,13894,,N,19,\\CTCRFile1.ad.tamhsc.edu\CTCR-Stor1$\MDA_KatelynFosterHandley_AnilSood\screen\raw data\run2\4x_DAPI\4x_DAPI_28610_1\4x_DAPI_28610_1.2019.09.25.16.05.17.CSV,4x_DAPI_28610_1.2019.09.25.16.05.17.CSV,28610,Day3,,A2780ip2,2,2,20190916
N - 20,Summary,13308,,N,20,\\CTCRFile1.ad.tamhsc.edu\CTCR-Stor1$\MDA_KatelynFosterHandley_AnilSood\screen\raw data\run2\4x_DAPI\4x_DAPI_28610_1\4x_DAPI_28610_1.2019.09.25.16.05.17.CSV,4x_DAPI_28610_1.2019.09.25.16.05.17.CSV,28610,Day3,,A2780ip2,2,2,20190916
N - 21,Summary,12424,,N,21,\\CTCRFile1.ad.tamhsc.edu\CTCR-Stor1$\MDA_KatelynFosterHandley_AnilSood\screen\raw data\run2\4x_DAPI\4x_DAPI_28610_1\4x_DAPI_28610_1.2019.09.25.16.05.17.CSV,4x_DAPI_28610_1.2019.09.25.16.05.17.CSV,28610,Day3,,A2780ip2,2,2,20190916
N - 22,Summary,12693,,N,22,\\CTCRFile1.ad.tamhsc.edu\CTCR-Stor1$\MDA_KatelynFosterHandley_AnilSood\screen\raw data\run2\4x_DAPI\4x_DAPI_28610_1\4x_DAPI_28610_1.2019.09.25.16.05.17.CSV,4x_DAPI_28610_1.2019.09.25.16.05.17.CSV,28610,Day3,,A2780ip2,2,2,20190916
N - 23,Summary,10495,,N,23,\\CTCRFile1.ad.tamhsc.edu\CTCR-Stor1$\MDA_KatelynFosterHandley_AnilSood\screen\raw data\run2\4x_DAPI\4x_DAPI_28610_1\4x_DAPI_28610_1.2019.09.25.16.05.17.CSV,4x_DAPI_28610_1.2019.09.25.16.05.17.CSV,28610,Day3,,A2780ip2,2,2,20190916
N - 24,Summary,12623,,N,24,\\CTCRFile1.ad.tamhsc.edu\CTCR-Stor1$\MDA_KatelynFosterHandley_AnilSood\screen\raw data\run2\4x_DAPI\4x_DAPI_28610_1\4x_DAPI_28610_1.2019.09.25.16.05.17.CSV,4x_DAPI_28610_1.2019.09.25.16.05.17.CSV,28610,Day3,,A2780ip2,2,2,20190916
O - 1,Summary,10887,,O,1,\\CTCRFile1.ad.tamhsc.edu\CTCR-Stor1$\MDA_KatelynFosterHandley_AnilSood\screen\raw data\run2\4x_DAPI\4x_DAPI_28610_1\4x_DAPI_28610_1.2019.09.25.16.05.17.CSV,4x_DAPI_28610_1.2019.09.25.16.05.17.CSV,28610,Day3,,A2780ip2,2,2,20190916
O - 2,Summary,11422,,O,2,\\CTCRFile1.ad.tamhsc.edu\CTCR-Stor1$\MDA_KatelynFosterHandley_AnilSood\screen\raw data\run2\4x_DAPI\4x_DAPI_28610_1\4x_DAPI_28610_1.2019.09.25.16.05.17.CSV,4x_DAPI_28610_1.2019.09.25.16.05.17.CSV,28610,Day3,,A2780ip2,2,2,20190916
O - 3,Summary,11828,,O,3,\\CTCRFile1.ad.tamhsc.edu\CTCR-Stor1$\MDA_KatelynFosterHandley_AnilSood\screen\raw data\run2\4x_DAPI\4x_DAPI_28610_1\4x_DAPI_28610_1.2019.09.25.16.05.17.CSV,4x_DAPI_28610_1.2019.09.25.16.05.17.CSV,28610,Day3,,A2780ip2,2,2,20190916
O - 4,Summary,11922,,O,4,\\CTCRFile1.ad.tamhsc.edu\CTCR-Stor1$\MDA_KatelynFosterHandley_AnilSood\screen\raw data\run2\4x_DAPI\4x_DAPI_28610_1\4x_DAPI_28610_1.2019.09.25.16.05.17.CSV,4x_DAPI_28610_1.2019.09.25.16.05.17.CSV,28610,Day3,,A2780ip2,2,2,20190916
O - 5,Summary,12980,,O,5,\\CTCRFile1.ad.tamhsc.edu\CTCR-Stor1$\MDA_KatelynFosterHandley_AnilSood\screen\raw data\run2\4x_DAPI\4x_DAPI_28610_1\4x_DAPI_28610_1.2019.09.25.16.05.17.CSV,4x_DAPI_28610_1.2019.09.25.16.05.17.CSV,28610,Day3,,A2780ip2,2,2,20190916
O - 6,Summary,12114,,O,6,\\CTCRFile1.ad.tamhsc.edu\CTCR-Stor1$\MDA_KatelynFosterHandley_AnilSood\screen\raw data\run2\4x_DAPI\4x_DAPI_28610_1\4x_DAPI_28610_1.2019.09.25.16.05.17.CSV,4x_DAPI_28610_1.2019.09.25.16.05.17.CSV,28610,Day3,,A2780ip2,2,2,20190916
O - 7,Summary,10931,,O,7,\\CTCRFile1.ad.tamhsc.edu\CTCR-Stor1$\MDA_KatelynFosterHandley_AnilSood\screen\raw data\run2\4x_DAPI\4x_DAPI_28610_1\4x_DAPI_28610_1.2019.09.25.16.05.17.CSV,4x_DAPI_28610_1.2019.09.25.16.05.17.CSV,28610,Day3,,A2780ip2,2,2,20190916
O - 8,Summary,12267,,O,8,\\CTCRFile1.ad.tamhsc.edu\CTCR-Stor1$\MDA_KatelynFosterHandley_AnilSood\screen\raw data\run2\4x_DAPI\4x_DAPI_28610_1\4x_DAPI_28610_1.2019.09.25.16.05.17.CSV,4x_DAPI_28610_1.2019.09.25.16.05.17.CSV,28610,Day3,,A2780ip2,2,2,20190916
O - 9,Summary,11695,,O,9,\\CTCRFile1.ad.tamhsc.edu\CTCR-Stor1$\MDA_KatelynFosterHandley_AnilSood\screen\raw data\run2\4x_DAPI\4x_DAPI_28610_1\4x_DAPI_28610_1.2019.09.25.16.05.17.CSV,4x_DAPI_28610_1.2019.09.25.16.05.17.CSV,28610,Day3,,A2780ip2,2,2,20190916
O - 10,Summary,12434,,O,10,\\CTCRFile1.ad.tamhsc.edu\CTCR-Stor1$\MDA_KatelynFosterHandley_AnilSood\screen\raw data\run2\4x_DAPI\4x_DAPI_28610_1\4x_DAPI_28610_1.2019.09.25.16.05.17.CSV,4x_DAPI_28610_1.2019.09.25.16.05.17.CSV,28610,Day3,,A2780ip2,2,2,20190916
O - 11,Summary,12147,,O,11,\\CTCRFile1.ad.tamhsc.edu\CTCR-Stor1$\MDA_KatelynFosterHandley_AnilSood\screen\raw data\run2\4x_DAPI\4x_DAPI_28610_1\4x_DAPI_28610_1.2019.09.25.16.05.17.CSV,4x_DAPI_28610_1.2019.09.25.16.05.17.CSV,28610,Day3,,A2780ip2,2,2,20190916
O - 12,Summary,12999,,O,12,\\CTCRFile1.ad.tamhsc.edu\CTCR-Stor1$\MDA_KatelynFosterHandley_AnilSood\screen\raw data\run2\4x_DAPI\4x_DAPI_28610_1\4x_DAPI_28610_1.2019.09.25.16.05.17.CSV,4x_DAPI_28610_1.2019.09.25.16.05.17.CSV,28610,Day3,,A2780ip2,2,2,20190916
O - 13,Summary,12415,,O,13,\\CTCRFile1.ad.tamhsc.edu\CTCR-Stor1$\MDA_KatelynFosterHandley_AnilSood\screen\raw data\run2\4x_DAPI\4x_DAPI_28610_1\4x_DAPI_28610_1.2019.09.25.16.05.17.CSV,4x_DAPI_28610_1.2019.09.25.16.05.17.CSV,28610,Day3,,A2780ip2,2,2,20190916
O - 14,Summary,12819,,O,14,\\CTCRFile1.ad.tamhsc.edu\CTCR-Stor1$\MDA_KatelynFosterHandley_AnilSood\screen\raw data\run2\4x_DAPI\4x_DAPI_28610_1\4x_DAPI_28610_1.2019.09.25.16.05.17.CSV,4x_DAPI_28610_1.2019.09.25.16.05.17.CSV,28610,Day3,,A2780ip2,2,2,20190916
O - 15,Summary,12096,,O,15,\\CTCRFile1.ad.tamhsc.edu\CTCR-Stor1$\MDA_KatelynFosterHandley_AnilSood\screen\raw data\run2\4x_DAPI\4x_DAPI_28610_1\4x_DAPI_28610_1.2019.09.25.16.05.17.CSV,4x_DAPI_28610_1.2019.09.25.16.05.17.CSV,28610,Day3,,A2780ip2,2,2,20190916
O - 16,Summary,11319,,O,16,\\CTCRFile1.ad.tamhsc.edu\CTCR-Stor1$\MDA_KatelynFosterHandley_AnilSood\screen\raw data\run2\4x_DAPI\4x_DAPI_28610_1\4x_DAPI_28610_1.2019.09.25.16.05.17.CSV,4x_DAPI_28610_1.2019.09.25.16.05.17.CSV,28610,Day3,,A2780ip2,2,2,20190916
O - 17,Summary,11189,,O,17,\\CTCRFile1.ad.tamhsc.edu\CTCR-Stor1$\MDA_KatelynFosterHandley_AnilSood\screen\raw data\run2\4x_DAPI\4x_DAPI_28610_1\4x_DAPI_28610_1.2019.09.25.16.05.17.CSV,4x_DAPI_28610_1.2019.09.25.16.05.17.CSV,28610,Day3,,A2780ip2,2,2,20190916
O - 18,Summary,12235,,O,18,\\CTCRFile1.ad.tamhsc.edu\CTCR-Stor1$\MDA_KatelynFosterHandley_AnilSood\screen\raw data\run2\4x_DAPI\4x_DAPI_28610_1\4x_DAPI_28610_1.2019.09.25.16.05.17.CSV,4x_DAPI_28610_1.2019.09.25.16.05.17.CSV,28610,Day3,,A2780ip2,2,2,20190916
O - 19,Summary,11266,,O,19,\\CTCRFile1.ad.tamhsc.edu\CTCR-Stor1$\MDA_KatelynFosterHandley_AnilSood\screen\raw data\run2\4x_DAPI\4x_DAPI_28610_1\4x_DAPI_28610_1.2019.09.25.16.05.17.CSV,4x_DAPI_28610_1.2019.09.25.16.05.17.CSV,28610,Day3,,A2780ip2,2,2,20190916
O - 20,Summary,11983,,O,20,\\CTCRFile1.ad.tamhsc.edu\CTCR-Stor1$\MDA_KatelynFosterHandley_AnilSood\screen\raw data\run2\4x_DAPI\4x_DAPI_28610_1\4x_DAPI_28610_1.2019.09.25.16.05.17.CSV,4x_DAPI_28610_1.2019.09.25.16.05.17.CSV,28610,Day3,,A2780ip2,2,2,20190916
O - 21,Summary,12250,,O,21,\\CTCRFile1.ad.tamhsc.edu\CTCR-Stor1$\MDA_KatelynFosterHandley_AnilSood\screen\raw data\run2\4x_DAPI\4x_DAPI_28610_1\4x_DAPI_28610_1.2019.09.25.16.05.17.CSV,4x_DAPI_28610_1.2019.09.25.16.05.17.CSV,28610,Day3,,A2780ip2,2,2,20190916
O - 22,Summary,11669,,O,22,\\CTCRFile1.ad.tamhsc.edu\CTCR-Stor1$\MDA_KatelynFosterHandley_AnilSood\screen\raw data\run2\4x_DAPI\4x_DAPI_28610_1\4x_DAPI_28610_1.2019.09.25.16.05.17.CSV,4x_DAPI_28610_1.2019.09.25.16.05.17.CSV,28610,Day3,,A2780ip2,2,2,20190916
O - 23,Summary,12476,,O,23,\\CTCRFile1.ad.tamhsc.edu\CTCR-Stor1$\MDA_KatelynFosterHandley_AnilSood\screen\raw data\run2\4x_DAPI\4x_DAPI_28610_1\4x_DAPI_28610_1.2019.09.25.16.05.17.CSV,4x_DAPI_28610_1.2019.09.25.16.05.17.CSV,28610,Day3,,A2780ip2,2,2,20190916
O - 24,Summary,11655,,O,24,\\CTCRFile1.ad.tamhsc.edu\CTCR-Stor1$\MDA_KatelynFosterHandley_AnilSood\screen\raw data\run2\4x_DAPI\4x_DAPI_28610_1\4x_DAPI_28610_1.2019.09.25.16.05.17.CSV,4x_DAPI_28610_1.2019.09.25.16.05.17.CSV,28610,Day3,,A2780ip2,2,2,20190916
P - 1,Summary,12163,,P,1,\\CTCRFile1.ad.tamhsc.edu\CTCR-Stor1$\MDA_KatelynFosterHandley_AnilSood\screen\raw data\run2\4x_DAPI\4x_DAPI_28610_1\4x_DAPI_28610_1.2019.09.25.16.05.17.CSV,4x_DAPI_28610_1.2019.09.25.16.05.17.CSV,28610,Day3,,A2780ip2,2,2,20190916
P - 2,Summary,13039,,P,2,\\CTCRFile1.ad.tamhsc.edu\CTCR-Stor1$\MDA_KatelynFosterHandley_AnilSood\screen\raw data\run2\4x_DAPI\4x_DAPI_28610_1\4x_DAPI_28610_1.2019.09.25.16.05.17.CSV,4x_DAPI_28610_1.2019.09.25.16.05.17.CSV,28610,Day3,,A2780ip2,2,2,20190916
P - 3,Summary,12500,,P,3,\\CTCRFile1.ad.tamhsc.edu\CTCR-Stor1$\MDA_KatelynFosterHandley_AnilSood\screen\raw data\run2\4x_DAPI\4x_DAPI_28610_1\4x_DAPI_28610_1.2019.09.25.16.05.17.CSV,4x_DAPI_28610_1.2019.09.25.16.05.17.CSV,28610,Day3,,A2780ip2,2,2,20190916
P - 4,Summary,12146,,P,4,\\CTCRFile1.ad.tamhsc.edu\CTCR-Stor1$\MDA_KatelynFosterHandley_AnilSood\screen\raw data\run2\4x_DAPI\4x_DAPI_28610_1\4x_DAPI_28610_1.2019.09.25.16.05.17.CSV,4x_DAPI_28610_1.2019.09.25.16.05.17.CSV,28610,Day3,,A2780ip2,2,2,20190916
P - 5,Summary,12158,,P,5,\\CTCRFile1.ad.tamhsc.edu\CTCR-Stor1$\MDA_KatelynFosterHandley_AnilSood\screen\raw data\run2\4x_DAPI\4x_DAPI_28610_1\4x_DAPI_28610_1.2019.09.25.16.05.17.CSV,4x_DAPI_28610_1.2019.09.25.16.05.17.CSV,28610,Day3,,A2780ip2,2,2,20190916
P - 6,Summary,11432,,P,6,\\CTCRFile1.ad.tamhsc.edu\CTCR-Stor1$\MDA_KatelynFosterHandley_AnilSood\screen\raw data\run2\4x_DAPI\4x_DAPI_28610_1\4x_DAPI_28610_1.2019.09.25.16.05.17.CSV,4x_DAPI_28610_1.2019.09.25.16.05.17.CSV,28610,Day3,,A2780ip2,2,2,20190916
P - 7,Summary,11690,,P,7,\\CTCRFile1.ad.tamhsc.edu\CTCR-Stor1$\MDA_KatelynFosterHandley_AnilSood\screen\raw data\run2\4x_DAPI\4x_DAPI_28610_1\4x_DAPI_28610_1.2019.09.25.16.05.17.CSV,4x_DAPI_28610_1.2019.09.25.16.05.17.CSV,28610,Day3,,A2780ip2,2,2,20190916
P - 8,Summary,11866,,P,8,\\CTCRFile1.ad.tamhsc.edu\CTCR-Stor1$\MDA_KatelynFosterHandley_AnilSood\screen\raw data\run2\4x_DAPI\4x_DAPI_28610_1\4x_DAPI_28610_1.2019.09.25.16.05.17.CSV,4x_DAPI_28610_1.2019.09.25.16.05.17.CSV,28610,Day3,,A2780ip2,2,2,20190916
P - 9,Summary,12680,,P,9,\\CTCRFile1.ad.tamhsc.edu\CTCR-Stor1$\MDA_KatelynFosterHandley_AnilSood\screen\raw data\run2\4x_DAPI\4x_DAPI_28610_1\4x_DAPI_28610_1.2019.09.25.16.05.17.CSV,4x_DAPI_28610_1.2019.09.25.16.05.17.CSV,28610,Day3,,A2780ip2,2,2,20190916
P - 10,Summary,11719,,P,10,\\CTCRFile1.ad.tamhsc.edu\CTCR-Stor1$\MDA_KatelynFosterHandley_AnilSood\screen\raw data\run2\4x_DAPI\4x_DAPI_28610_1\4x_DAPI_28610_1.2019.09.25.16.05.17.CSV,4x_DAPI_28610_1.2019.09.25.16.05.17.CSV,28610,Day3,,A2780ip2,2,2,20190916
P - 11,Summary,10865,,P,11,\\CTCRFile1.ad.tamhsc.edu\CTCR-Stor1$\MDA_KatelynFosterHandley_AnilSood\screen\raw data\run2\4x_DAPI\4x_DAPI_28610_1\4x_DAPI_28610_1.2019.09.25.16.05.17.CSV,4x_DAPI_28610_1.2019.09.25.16.05.17.CSV,28610,Day3,,A2780ip2,2,2,20190916
P - 12,Summary,11571,,P,12,\\CTCRFile1.ad.tamhsc.edu\CTCR-Stor1$\MDA_KatelynFosterHandley_AnilSood\screen\raw data\run2\4x_DAPI\4x_DAPI_28610_1\4x_DAPI_28610_1.2019.09.25.16.05.17.CSV,4x_DAPI_28610_1.2019.09.25.16.05.17.CSV,28610,Day3,,A2780ip2,2,2,20190916
P - 13,Summary,11772,,P,13,\\CTCRFile1.ad.tamhsc.edu\CTCR-Stor1$\MDA_KatelynFosterHandley_AnilSood\screen\raw data\run2\4x_DAPI\4x_DAPI_28610_1\4x_DAPI_28610_1.2019.09.25.16.05.17.CSV,4x_DAPI_28610_1.2019.09.25.16.05.17.CSV,28610,Day3,,A2780ip2,2,2,20190916
P - 14,Summary,12106,,P,14,\\CTCRFile1.ad.tamhsc.edu\CTCR-Stor1$\MDA_KatelynFosterHandley_AnilSood\screen\raw data\run2\4x_DAPI\4x_DAPI_28610_1\4x_DAPI_28610_1.2019.09.25.16.05.17.CSV,4x_DAPI_28610_1.2019.09.25.16.05.17.CSV,28610,Day3,,A2780ip2,2,2,20190916
P - 15,Summary,12351,,P,15,\\CTCRFile1.ad.tamhsc.edu\CTCR-Stor1$\MDA_KatelynFosterHandley_AnilSood\screen\raw data\run2\4x_DAPI\4x_DAPI_28610_1\4x_DAPI_28610_1.2019.09.25.16.05.17.CSV,4x_DAPI_28610_1.2019.09.25.16.05.17.CSV,28610,Day3,,A2780ip2,2,2,20190916
P - 16,Summary,12836,,P,16,\\CTCRFile1.ad.tamhsc.edu\CTCR-Stor1$\MDA_KatelynFosterHandley_AnilSood\screen\raw data\run2\4x_DAPI\4x_DAPI_28610_1\4x_DAPI_28610_1.2019.09.25.16.05.17.CSV,4x_DAPI_28610_1.2019.09.25.16.05.17.CSV,28610,Day3,,A2780ip2,2,2,20190916
P - 17,Summary,12220,,P,17,\\CTCRFile1.ad.tamhsc.edu\CTCR-Stor1$\MDA_KatelynFosterHandley_AnilSood\screen\raw data\run2\4x_DAPI\4x_DAPI_28610_1\4x_DAPI_28610_1.2019.09.25.16.05.17.CSV,4x_DAPI_28610_1.2019.09.25.16.05.17.CSV,28610,Day3,,A2780ip2,2,2,20190916
P - 18,Summary,12068,,P,18,\\CTCRFile1.ad.tamhsc.edu\CTCR-Stor1$\MDA_KatelynFosterHandley_AnilSood\screen\raw data\run2\4x_DAPI\4x_DAPI_28610_1\4x_DAPI_28610_1.2019.09.25.16.05.17.CSV,4x_DAPI_28610_1.2019.09.25.16.05.17.CSV,28610,Day3,,A2780ip2,2,2,20190916
P - 19,Summary,12154,,P,19,\\CTCRFile1.ad.tamhsc.edu\CTCR-Stor1$\MDA_KatelynFosterHandley_AnilSood\screen\raw data\run2\4x_DAPI\4x_DAPI_28610_1\4x_DAPI_28610_1.2019.09.25.16.05.17.CSV,4x_DAPI_28610_1.2019.09.25.16.05.17.CSV,28610,Day3,,A2780ip2,2,2,20190916
P - 20,Summary,12444,,P,20,\\CTCRFile1.ad.tamhsc.edu\CTCR-Stor1$\MDA_KatelynFosterHandley_AnilSood\screen\raw data\run2\4x_DAPI\4x_DAPI_28610_1\4x_DAPI_28610_1.2019.09.25.16.05.17.CSV,4x_DAPI_28610_1.2019.09.25.16.05.17.CSV,28610,Day3,,A2780ip2,2,2,20190916
P - 21,Summary,11791,,P,21,\\CTCRFile1.ad.tamhsc.edu\CTCR-Stor1$\MDA_KatelynFosterHandley_AnilSood\screen\raw data\run2\4x_DAPI\4x_DAPI_28610_1\4x_DAPI_28610_1.2019.09.25.16.05.17.CSV,4x_DAPI_28610_1.2019.09.25.16.05.17.CSV,28610,Day3,,A2780ip2,2,2,20190916
P - 22,Summary,11860,,P,22,\\CTCRFile1.ad.tamhsc.edu\CTCR-Stor1$\MDA_KatelynFosterHandley_AnilSood\screen\raw data\run2\4x_DAPI\4x_DAPI_28610_1\4x_DAPI_28610_1.2019.09.25.16.05.17.CSV,4x_DAPI_28610_1.2019.09.25.16.05.17.CSV,28610,Day3,,A2780ip2,2,2,20190916
P - 23,Summary,12396,,P,23,\\CTCRFile1.ad.tamhsc.edu\CTCR-Stor1$\MDA_KatelynFosterHandley_AnilSood\screen\raw data\run2\4x_DAPI\4x_DAPI_28610_1\4x_DAPI_28610_1.2019.09.25.16.05.17.CSV,4x_DAPI_28610_1.2019.09.25.16.05.17.CSV,28610,Day3,,A2780ip2,2,2,20190916
P - 24,Summary,12219,,P,24,\\CTCRFile1.ad.tamhsc.edu\CTCR-Stor1$\MDA_KatelynFosterHandley_AnilSood\screen\raw data\run2\4x_DAPI\4x_DAPI_28610_1\4x_DAPI_28610_1.2019.09.25.16.05.17.CSV,4x_DAPI_28610_1.2019.09.25.16.05.17.CSV,28610,Day3,,A2780ip2,2,2,20190916
