Section,Target Set,Count,Column4,Row,Col,RawDataPath,File Name,Plate Barcode,IBT Barcode,Conc,CELL LINE,RUN,SET,notes
A - 1,Summary,953,,A,1,\\CTCRFile1.ad.tamhsc.edu\CTCR-Stor1$\MDA_KatelynFosterHandley_AnilSood\screen\raw data\run2\4x_DAPI\4x_DAPI_28609_1\4x_DAPI_28609_1.2019.09.25.16.00.18.CSV,4x_DAPI_28609_1.2019.09.25.16.00.18.CSV,28609,Day0,,A2780ip2,2,2,20190916
A - 2,Summary,937,,A,2,\\CTCRFile1.ad.tamhsc.edu\CTCR-Stor1$\MDA_KatelynFosterHandley_AnilSood\screen\raw data\run2\4x_DAPI\4x_DAPI_28609_1\4x_DAPI_28609_1.2019.09.25.16.00.18.CSV,4x_DAPI_28609_1.2019.09.25.16.00.18.CSV,28609,Day0,,A2780ip2,2,2,20190916
A - 3,Summary,854,,A,3,\\CTCRFile1.ad.tamhsc.edu\CTCR-Stor1$\MDA_KatelynFosterHandley_AnilSood\screen\raw data\run2\4x_DAPI\4x_DAPI_28609_1\4x_DAPI_28609_1.2019.09.25.16.00.18.CSV,4x_DAPI_28609_1.2019.09.25.16.00.18.CSV,28609,Day0,,A2780ip2,2,2,20190916
A - 4,Summary,927,,A,4,\\CTCRFile1.ad.tamhsc.edu\CTCR-Stor1$\MDA_KatelynFosterHandley_AnilSood\screen\raw data\run2\4x_DAPI\4x_DAPI_28609_1\4x_DAPI_28609_1.2019.09.25.16.00.18.CSV,4x_DAPI_28609_1.2019.09.25.16.00.18.CSV,28609,Day0,,A2780ip2,2,2,20190916
A - 5,Summary,920,,A,5,\\CTCRFile1.ad.tamhsc.edu\CTCR-Stor1$\MDA_KatelynFosterHandley_AnilSood\screen\raw data\run2\4x_DAPI\4x_DAPI_28609_1\4x_DAPI_28609_1.2019.09.25.16.00.18.CSV,4x_DAPI_28609_1.2019.09.25.16.00.18.CSV,28609,Day0,,A2780ip2,2,2,20190916
A - 6,Summary,903,,A,6,\\CTCRFile1.ad.tamhsc.edu\CTCR-Stor1$\MDA_KatelynFosterHandley_AnilSood\screen\raw data\run2\4x_DAPI\4x_DAPI_28609_1\4x_DAPI_28609_1.2019.09.25.16.00.18.CSV,4x_DAPI_28609_1.2019.09.25.16.00.18.CSV,28609,Day0,,A2780ip2,2,2,20190916
A - 7,Summary,904,,A,7,\\CTCRFile1.ad.tamhsc.edu\CTCR-Stor1$\MDA_KatelynFosterHandley_AnilSood\screen\raw data\run2\4x_DAPI\4x_DAPI_28609_1\4x_DAPI_28609_1.2019.09.25.16.00.18.CSV,4x_DAPI_28609_1.2019.09.25.16.00.18.CSV,28609,Day0,,A2780ip2,2,2,20190916
A - 8,Summary,986,,A,8,\\CTCRFile1.ad.tamhsc.edu\CTCR-Stor1$\MDA_KatelynFosterHandley_AnilSood\screen\raw data\run2\4x_DAPI\4x_DAPI_28609_1\4x_DAPI_28609_1.2019.09.25.16.00.18.CSV,4x_DAPI_28609_1.2019.09.25.16.00.18.CSV,28609,Day0,,A2780ip2,2,2,20190916
A - 9,Summary,1004,,A,9,\\CTCRFile1.ad.tamhsc.edu\CTCR-Stor1$\MDA_KatelynFosterHandley_AnilSood\screen\raw data\run2\4x_DAPI\4x_DAPI_28609_1\4x_DAPI_28609_1.2019.09.25.16.00.18.CSV,4x_DAPI_28609_1.2019.09.25.16.00.18.CSV,28609,Day0,,A2780ip2,2,2,20190916
A - 10,Summary,990,,A,10,\\CTCRFile1.ad.tamhsc.edu\CTCR-Stor1$\MDA_KatelynFosterHandley_AnilSood\screen\raw data\run2\4x_DAPI\4x_DAPI_28609_1\4x_DAPI_28609_1.2019.09.25.16.00.18.CSV,4x_DAPI_28609_1.2019.09.25.16.00.18.CSV,28609,Day0,,A2780ip2,2,2,20190916
A - 11,Summary,836,,A,11,\\CTCRFile1.ad.tamhsc.edu\CTCR-Stor1$\MDA_KatelynFosterHandley_AnilSood\screen\raw data\run2\4x_DAPI\4x_DAPI_28609_1\4x_DAPI_28609_1.2019.09.25.16.00.18.CSV,4x_DAPI_28609_1.2019.09.25.16.00.18.CSV,28609,Day0,,A2780ip2,2,2,20190916
A - 12,Summary,826,,A,12,\\CTCRFile1.ad.tamhsc.edu\CTCR-Stor1$\MDA_KatelynFosterHandley_AnilSood\screen\raw data\run2\4x_DAPI\4x_DAPI_28609_1\4x_DAPI_28609_1.2019.09.25.16.00.18.CSV,4x_DAPI_28609_1.2019.09.25.16.00.18.CSV,28609,Day0,,A2780ip2,2,2,20190916
A - 13,Summary,901,,A,13,\\CTCRFile1.ad.tamhsc.edu\CTCR-Stor1$\MDA_KatelynFosterHandley_AnilSood\screen\raw data\run2\4x_DAPI\4x_DAPI_28609_1\4x_DAPI_28609_1.2019.09.25.16.00.18.CSV,4x_DAPI_28609_1.2019.09.25.16.00.18.CSV,28609,Day0,,A2780ip2,2,2,20190916
A - 14,Summary,829,,A,14,\\CTCRFile1.ad.tamhsc.edu\CTCR-Stor1$\MDA_KatelynFosterHandley_AnilSood\screen\raw data\run2\4x_DAPI\4x_DAPI_28609_1\4x_DAPI_28609_1.2019.09.25.16.00.18.CSV,4x_DAPI_28609_1.2019.09.25.16.00.18.CSV,28609,Day0,,A2780ip2,2,2,20190916
A - 15,Summary,963,,A,15,\\CTCRFile1.ad.tamhsc.edu\CTCR-Stor1$\MDA_KatelynFosterHandley_AnilSood\screen\raw data\run2\4x_DAPI\4x_DAPI_28609_1\4x_DAPI_28609_1.2019.09.25.16.00.18.CSV,4x_DAPI_28609_1.2019.09.25.16.00.18.CSV,28609,Day0,,A2780ip2,2,2,20190916
A - 16,Summary,818,,A,16,\\CTCRFile1.ad.tamhsc.edu\CTCR-Stor1$\MDA_KatelynFosterHandley_AnilSood\screen\raw data\run2\4x_DAPI\4x_DAPI_28609_1\4x_DAPI_28609_1.2019.09.25.16.00.18.CSV,4x_DAPI_28609_1.2019.09.25.16.00.18.CSV,28609,Day0,,A2780ip2,2,2,20190916
A - 17,Summary,980,,A,17,\\CTCRFile1.ad.tamhsc.edu\CTCR-Stor1$\MDA_KatelynFosterHandley_AnilSood\screen\raw data\run2\4x_DAPI\4x_DAPI_28609_1\4x_DAPI_28609_1.2019.09.25.16.00.18.CSV,4x_DAPI_28609_1.2019.09.25.16.00.18.CSV,28609,Day0,,A2780ip2,2,2,20190916
A - 18,Summary,874,,A,18,\\CTCRFile1.ad.tamhsc.edu\CTCR-Stor1$\MDA_KatelynFosterHandley_AnilSood\screen\raw data\run2\4x_DAPI\4x_DAPI_28609_1\4x_DAPI_28609_1.2019.09.25.16.00.18.CSV,4x_DAPI_28609_1.2019.09.25.16.00.18.CSV,28609,Day0,,A2780ip2,2,2,20190916
A - 19,Summary,913,,A,19,\\CTCRFile1.ad.tamhsc.edu\CTCR-Stor1$\MDA_KatelynFosterHandley_AnilSood\screen\raw data\run2\4x_DAPI\4x_DAPI_28609_1\4x_DAPI_28609_1.2019.09.25.16.00.18.CSV,4x_DAPI_28609_1.2019.09.25.16.00.18.CSV,28609,Day0,,A2780ip2,2,2,20190916
A - 20,Summary,864,,A,20,\\CTCRFile1.ad.tamhsc.edu\CTCR-Stor1$\MDA_KatelynFosterHandley_AnilSood\screen\raw data\run2\4x_DAPI\4x_DAPI_28609_1\4x_DAPI_28609_1.2019.09.25.16.00.18.CSV,4x_DAPI_28609_1.2019.09.25.16.00.18.CSV,28609,Day0,,A2780ip2,2,2,20190916
A - 21,Summary,854,,A,21,\\CTCRFile1.ad.tamhsc.edu\CTCR-Stor1$\MDA_KatelynFosterHandley_AnilSood\screen\raw data\run2\4x_DAPI\4x_DAPI_28609_1\4x_DAPI_28609_1.2019.09.25.16.00.18.CSV,4x_DAPI_28609_1.2019.09.25.16.00.18.CSV,28609,Day0,,A2780ip2,2,2,20190916
A - 22,Summary,898,,A,22,\\CTCRFile1.ad.tamhsc.edu\CTCR-Stor1$\MDA_KatelynFosterHandley_AnilSood\screen\raw data\run2\4x_DAPI\4x_DAPI_28609_1\4x_DAPI_28609_1.2019.09.25.16.00.18.CSV,4x_DAPI_28609_1.2019.09.25.16.00.18.CSV,28609,Day0,,A2780ip2,2,2,20190916
A - 23,Summary,931,,A,23,\\CTCRFile1.ad.tamhsc.edu\CTCR-Stor1$\MDA_KatelynFosterHandley_AnilSood\screen\raw data\run2\4x_DAPI\4x_DAPI_28609_1\4x_DAPI_28609_1.2019.09.25.16.00.18.CSV,4x_DAPI_28609_1.2019.09.25.16.00.18.CSV,28609,Day0,,A2780ip2,2,2,20190916
A - 24,Summary,1055,,A,24,\\CTCRFile1.ad.tamhsc.edu\CTCR-Stor1$\MDA_KatelynFosterHandley_AnilSood\screen\raw data\run2\4x_DAPI\4x_DAPI_28609_1\4x_DAPI_28609_1.2019.09.25.16.00.18.CSV,4x_DAPI_28609_1.2019.09.25.16.00.18.CSV,28609,Day0,,A2780ip2,2,2,20190916
B - 1,Summary,832,,B,1,\\CTCRFile1.ad.tamhsc.edu\CTCR-Stor1$\MDA_KatelynFosterHandley_AnilSood\screen\raw data\run2\4x_DAPI\4x_DAPI_28609_1\4x_DAPI_28609_1.2019.09.25.16.00.18.CSV,4x_DAPI_28609_1.2019.09.25.16.00.18.CSV,28609,Day0,,A2780ip2,2,2,20190916
B - 2,Summary,984,,B,2,\\CTCRFile1.ad.tamhsc.edu\CTCR-Stor1$\MDA_KatelynFosterHandley_AnilSood\screen\raw data\run2\4x_DAPI\4x_DAPI_28609_1\4x_DAPI_28609_1.2019.09.25.16.00.18.CSV,4x_DAPI_28609_1.2019.09.25.16.00.18.CSV,28609,Day0,,A2780ip2,2,2,20190916
B - 3,Summary,884,,B,3,\\CTCRFile1.ad.tamhsc.edu\CTCR-Stor1$\MDA_KatelynFosterHandley_AnilSood\screen\raw data\run2\4x_DAPI\4x_DAPI_28609_1\4x_DAPI_28609_1.2019.09.25.16.00.18.CSV,4x_DAPI_28609_1.2019.09.25.16.00.18.CSV,28609,Day0,,A2780ip2,2,2,20190916
B - 4,Summary,873,,B,4,\\CTCRFile1.ad.tamhsc.edu\CTCR-Stor1$\MDA_KatelynFosterHandley_AnilSood\screen\raw data\run2\4x_DAPI\4x_DAPI_28609_1\4x_DAPI_28609_1.2019.09.25.16.00.18.CSV,4x_DAPI_28609_1.2019.09.25.16.00.18.CSV,28609,Day0,,A2780ip2,2,2,20190916
B - 5,Summary,846,,B,5,\\CTCRFile1.ad.tamhsc.edu\CTCR-Stor1$\MDA_KatelynFosterHandley_AnilSood\screen\raw data\run2\4x_DAPI\4x_DAPI_28609_1\4x_DAPI_28609_1.2019.09.25.16.00.18.CSV,4x_DAPI_28609_1.2019.09.25.16.00.18.CSV,28609,Day0,,A2780ip2,2,2,20190916
B - 6,Summary,878,,B,6,\\CTCRFile1.ad.tamhsc.edu\CTCR-Stor1$\MDA_KatelynFosterHandley_AnilSood\screen\raw data\run2\4x_DAPI\4x_DAPI_28609_1\4x_DAPI_28609_1.2019.09.25.16.00.18.CSV,4x_DAPI_28609_1.2019.09.25.16.00.18.CSV,28609,Day0,,A2780ip2,2,2,20190916
B - 7,Summary,907,,B,7,\\CTCRFile1.ad.tamhsc.edu\CTCR-Stor1$\MDA_KatelynFosterHandley_AnilSood\screen\raw data\run2\4x_DAPI\4x_DAPI_28609_1\4x_DAPI_28609_1.2019.09.25.16.00.18.CSV,4x_DAPI_28609_1.2019.09.25.16.00.18.CSV,28609,Day0,,A2780ip2,2,2,20190916
B - 8,Summary,891,,B,8,\\CTCRFile1.ad.tamhsc.edu\CTCR-Stor1$\MDA_KatelynFosterHandley_AnilSood\screen\raw data\run2\4x_DAPI\4x_DAPI_28609_1\4x_DAPI_28609_1.2019.09.25.16.00.18.CSV,4x_DAPI_28609_1.2019.09.25.16.00.18.CSV,28609,Day0,,A2780ip2,2,2,20190916
B - 9,Summary,911,,B,9,\\CTCRFile1.ad.tamhsc.edu\CTCR-Stor1$\MDA_KatelynFosterHandley_AnilSood\screen\raw data\run2\4x_DAPI\4x_DAPI_28609_1\4x_DAPI_28609_1.2019.09.25.16.00.18.CSV,4x_DAPI_28609_1.2019.09.25.16.00.18.CSV,28609,Day0,,A2780ip2,2,2,20190916
B - 10,Summary,874,,B,10,\\CTCRFile1.ad.tamhsc.edu\CTCR-Stor1$\MDA_KatelynFosterHandley_AnilSood\screen\raw data\run2\4x_DAPI\4x_DAPI_28609_1\4x_DAPI_28609_1.2019.09.25.16.00.18.CSV,4x_DAPI_28609_1.2019.09.25.16.00.18.CSV,28609,Day0,,A2780ip2,2,2,20190916
B - 11,Summary,930,,B,11,\\CTCRFile1.ad.tamhsc.edu\CTCR-Stor1$\MDA_KatelynFosterHandley_AnilSood\screen\raw data\run2\4x_DAPI\4x_DAPI_28609_1\4x_DAPI_28609_1.2019.09.25.16.00.18.CSV,4x_DAPI_28609_1.2019.09.25.16.00.18.CSV,28609,Day0,,A2780ip2,2,2,20190916
B - 12,Summary,1004,,B,12,\\CTCRFile1.ad.tamhsc.edu\CTCR-Stor1$\MDA_KatelynFosterHandley_AnilSood\screen\raw data\run2\4x_DAPI\4x_DAPI_28609_1\4x_DAPI_28609_1.2019.09.25.16.00.18.CSV,4x_DAPI_28609_1.2019.09.25.16.00.18.CSV,28609,Day0,,A2780ip2,2,2,20190916
B - 13,Summary,872,,B,13,\\CTCRFile1.ad.tamhsc.edu\CTCR-Stor1$\MDA_KatelynFosterHandley_AnilSood\screen\raw data\run2\4x_DAPI\4x_DAPI_28609_1\4x_DAPI_28609_1.2019.09.25.16.00.18.CSV,4x_DAPI_28609_1.2019.09.25.16.00.18.CSV,28609,Day0,,A2780ip2,2,2,20190916
B - 14,Summary,986,,B,14,\\CTCRFile1.ad.tamhsc.edu\CTCR-Stor1$\MDA_KatelynFosterHandley_AnilSood\screen\raw data\run2\4x_DAPI\4x_DAPI_28609_1\4x_DAPI_28609_1.2019.09.25.16.00.18.CSV,4x_DAPI_28609_1.2019.09.25.16.00.18.CSV,28609,Day0,,A2780ip2,2,2,20190916
B - 15,Summary,865,,B,15,\\CTCRFile1.ad.tamhsc.edu\CTCR-Stor1$\MDA_KatelynFosterHandley_AnilSood\screen\raw data\run2\4x_DAPI\4x_DAPI_28609_1\4x_DAPI_28609_1.2019.09.25.16.00.18.CSV,4x_DAPI_28609_1.2019.09.25.16.00.18.CSV,28609,Day0,,A2780ip2,2,2,20190916
B - 16,Summary,809,,B,16,\\CTCRFile1.ad.tamhsc.edu\CTCR-Stor1$\MDA_KatelynFosterHandley_AnilSood\screen\raw data\run2\4x_DAPI\4x_DAPI_28609_1\4x_DAPI_28609_1.2019.09.25.16.00.18.CSV,4x_DAPI_28609_1.2019.09.25.16.00.18.CSV,28609,Day0,,A2780ip2,2,2,20190916
B - 17,Summary,904,,B,17,\\CTCRFile1.ad.tamhsc.edu\CTCR-Stor1$\MDA_KatelynFosterHandley_AnilSood\screen\raw data\run2\4x_DAPI\4x_DAPI_28609_1\4x_DAPI_28609_1.2019.09.25.16.00.18.CSV,4x_DAPI_28609_1.2019.09.25.16.00.18.CSV,28609,Day0,,A2780ip2,2,2,20190916
B - 18,Summary,850,,B,18,\\CTCRFile1.ad.tamhsc.edu\CTCR-Stor1$\MDA_KatelynFosterHandley_AnilSood\screen\raw data\run2\4x_DAPI\4x_DAPI_28609_1\4x_DAPI_28609_1.2019.09.25.16.00.18.CSV,4x_DAPI_28609_1.2019.09.25.16.00.18.CSV,28609,Day0,,A2780ip2,2,2,20190916
B - 19,Summary,849,,B,19,\\CTCRFile1.ad.tamhsc.edu\CTCR-Stor1$\MDA_KatelynFosterHandley_AnilSood\screen\raw data\run2\4x_DAPI\4x_DAPI_28609_1\4x_DAPI_28609_1.2019.09.25.16.00.18.CSV,4x_DAPI_28609_1.2019.09.25.16.00.18.CSV,28609,Day0,,A2780ip2,2,2,20190916
B - 20,Summary,930,,B,20,\\CTCRFile1.ad.tamhsc.edu\CTCR-Stor1$\MDA_KatelynFosterHandley_AnilSood\screen\raw data\run2\4x_DAPI\4x_DAPI_28609_1\4x_DAPI_28609_1.2019.09.25.16.00.18.CSV,4x_DAPI_28609_1.2019.09.25.16.00.18.CSV,28609,Day0,,A2780ip2,2,2,20190916
B - 21,Summary,873,,B,21,\\CTCRFile1.ad.tamhsc.edu\CTCR-Stor1$\MDA_KatelynFosterHandley_AnilSood\screen\raw data\run2\4x_DAPI\4x_DAPI_28609_1\4x_DAPI_28609_1.2019.09.25.16.00.18.CSV,4x_DAPI_28609_1.2019.09.25.16.00.18.CSV,28609,Day0,,A2780ip2,2,2,20190916
B - 22,Summary,850,,B,22,\\CTCRFile1.ad.tamhsc.edu\CTCR-Stor1$\MDA_KatelynFosterHandley_AnilSood\screen\raw data\run2\4x_DAPI\4x_DAPI_28609_1\4x_DAPI_28609_1.2019.09.25.16.00.18.CSV,4x_DAPI_28609_1.2019.09.25.16.00.18.CSV,28609,Day0,,A2780ip2,2,2,20190916
B - 23,Summary,946,,B,23,\\CTCRFile1.ad.tamhsc.edu\CTCR-Stor1$\MDA_KatelynFosterHandley_AnilSood\screen\raw data\run2\4x_DAPI\4x_DAPI_28609_1\4x_DAPI_28609_1.2019.09.25.16.00.18.CSV,4x_DAPI_28609_1.2019.09.25.16.00.18.CSV,28609,Day0,,A2780ip2,2,2,20190916
B - 24,Summary,1082,,B,24,\\CTCRFile1.ad.tamhsc.edu\CTCR-Stor1$\MDA_KatelynFosterHandley_AnilSood\screen\raw data\run2\4x_DAPI\4x_DAPI_28609_1\4x_DAPI_28609_1.2019.09.25.16.00.18.CSV,4x_DAPI_28609_1.2019.09.25.16.00.18.CSV,28609,Day0,,A2780ip2,2,2,20190916
C - 1,Summary,946,,C,1,\\CTCRFile1.ad.tamhsc.edu\CTCR-Stor1$\MDA_KatelynFosterHandley_AnilSood\screen\raw data\run2\4x_DAPI\4x_DAPI_28609_1\4x_DAPI_28609_1.2019.09.25.16.00.18.CSV,4x_DAPI_28609_1.2019.09.25.16.00.18.CSV,28609,Day0,,A2780ip2,2,2,20190916
C - 2,Summary,849,,C,2,\\CTCRFile1.ad.tamhsc.edu\CTCR-Stor1$\MDA_KatelynFosterHandley_AnilSood\screen\raw data\run2\4x_DAPI\4x_DAPI_28609_1\4x_DAPI_28609_1.2019.09.25.16.00.18.CSV,4x_DAPI_28609_1.2019.09.25.16.00.18.CSV,28609,Day0,,A2780ip2,2,2,20190916
C - 3,Summary,942,,C,3,\\CTCRFile1.ad.tamhsc.edu\CTCR-Stor1$\MDA_KatelynFosterHandley_AnilSood\screen\raw data\run2\4x_DAPI\4x_DAPI_28609_1\4x_DAPI_28609_1.2019.09.25.16.00.18.CSV,4x_DAPI_28609_1.2019.09.25.16.00.18.CSV,28609,Day0,,A2780ip2,2,2,20190916
C - 4,Summary,892,,C,4,\\CTCRFile1.ad.tamhsc.edu\CTCR-Stor1$\MDA_KatelynFosterHandley_AnilSood\screen\raw data\run2\4x_DAPI\4x_DAPI_28609_1\4x_DAPI_28609_1.2019.09.25.16.00.18.CSV,4x_DAPI_28609_1.2019.09.25.16.00.18.CSV,28609,Day0,,A2780ip2,2,2,20190916
C - 5,Summary,938,,C,5,\\CTCRFile1.ad.tamhsc.edu\CTCR-Stor1$\MDA_KatelynFosterHandley_AnilSood\screen\raw data\run2\4x_DAPI\4x_DAPI_28609_1\4x_DAPI_28609_1.2019.09.25.16.00.18.CSV,4x_DAPI_28609_1.2019.09.25.16.00.18.CSV,28609,Day0,,A2780ip2,2,2,20190916
C - 6,Summary,938,,C,6,\\CTCRFile1.ad.tamhsc.edu\CTCR-Stor1$\MDA_KatelynFosterHandley_AnilSood\screen\raw data\run2\4x_DAPI\4x_DAPI_28609_1\4x_DAPI_28609_1.2019.09.25.16.00.18.CSV,4x_DAPI_28609_1.2019.09.25.16.00.18.CSV,28609,Day0,,A2780ip2,2,2,20190916
C - 7,Summary,856,,C,7,\\CTCRFile1.ad.tamhsc.edu\CTCR-Stor1$\MDA_KatelynFosterHandley_AnilSood\screen\raw data\run2\4x_DAPI\4x_DAPI_28609_1\4x_DAPI_28609_1.2019.09.25.16.00.18.CSV,4x_DAPI_28609_1.2019.09.25.16.00.18.CSV,28609,Day0,,A2780ip2,2,2,20190916
C - 8,Summary,837,,C,8,\\CTCRFile1.ad.tamhsc.edu\CTCR-Stor1$\MDA_KatelynFosterHandley_AnilSood\screen\raw data\run2\4x_DAPI\4x_DAPI_28609_1\4x_DAPI_28609_1.2019.09.25.16.00.18.CSV,4x_DAPI_28609_1.2019.09.25.16.00.18.CSV,28609,Day0,,A2780ip2,2,2,20190916
C - 9,Summary,888,,C,9,\\CTCRFile1.ad.tamhsc.edu\CTCR-Stor1$\MDA_KatelynFosterHandley_AnilSood\screen\raw data\run2\4x_DAPI\4x_DAPI_28609_1\4x_DAPI_28609_1.2019.09.25.16.00.18.CSV,4x_DAPI_28609_1.2019.09.25.16.00.18.CSV,28609,Day0,,A2780ip2,2,2,20190916
C - 10,Summary,904,,C,10,\\CTCRFile1.ad.tamhsc.edu\CTCR-Stor1$\MDA_KatelynFosterHandley_AnilSood\screen\raw data\run2\4x_DAPI\4x_DAPI_28609_1\4x_DAPI_28609_1.2019.09.25.16.00.18.CSV,4x_DAPI_28609_1.2019.09.25.16.00.18.CSV,28609,Day0,,A2780ip2,2,2,20190916
C - 11,Summary,891,,C,11,\\CTCRFile1.ad.tamhsc.edu\CTCR-Stor1$\MDA_KatelynFosterHandley_AnilSood\screen\raw data\run2\4x_DAPI\4x_DAPI_28609_1\4x_DAPI_28609_1.2019.09.25.16.00.18.CSV,4x_DAPI_28609_1.2019.09.25.16.00.18.CSV,28609,Day0,,A2780ip2,2,2,20190916
C - 12,Summary,831,,C,12,\\CTCRFile1.ad.tamhsc.edu\CTCR-Stor1$\MDA_KatelynFosterHandley_AnilSood\screen\raw data\run2\4x_DAPI\4x_DAPI_28609_1\4x_DAPI_28609_1.2019.09.25.16.00.18.CSV,4x_DAPI_28609_1.2019.09.25.16.00.18.CSV,28609,Day0,,A2780ip2,2,2,20190916
C - 13,Summary,879,,C,13,\\CTCRFile1.ad.tamhsc.edu\CTCR-Stor1$\MDA_KatelynFosterHandley_AnilSood\screen\raw data\run2\4x_DAPI\4x_DAPI_28609_1\4x_DAPI_28609_1.2019.09.25.16.00.18.CSV,4x_DAPI_28609_1.2019.09.25.16.00.18.CSV,28609,Day0,,A2780ip2,2,2,20190916
C - 14,Summary,888,,C,14,\\CTCRFile1.ad.tamhsc.edu\CTCR-Stor1$\MDA_KatelynFosterHandley_AnilSood\screen\raw data\run2\4x_DAPI\4x_DAPI_28609_1\4x_DAPI_28609_1.2019.09.25.16.00.18.CSV,4x_DAPI_28609_1.2019.09.25.16.00.18.CSV,28609,Day0,,A2780ip2,2,2,20190916
C - 15,Summary,841,,C,15,\\CTCRFile1.ad.tamhsc.edu\CTCR-Stor1$\MDA_KatelynFosterHandley_AnilSood\screen\raw data\run2\4x_DAPI\4x_DAPI_28609_1\4x_DAPI_28609_1.2019.09.25.16.00.18.CSV,4x_DAPI_28609_1.2019.09.25.16.00.18.CSV,28609,Day0,,A2780ip2,2,2,20190916
C - 16,Summary,954,,C,16,\\CTCRFile1.ad.tamhsc.edu\CTCR-Stor1$\MDA_KatelynFosterHandley_AnilSood\screen\raw data\run2\4x_DAPI\4x_DAPI_28609_1\4x_DAPI_28609_1.2019.09.25.16.00.18.CSV,4x_DAPI_28609_1.2019.09.25.16.00.18.CSV,28609,Day0,,A2780ip2,2,2,20190916
C - 17,Summary,959,,C,17,\\CTCRFile1.ad.tamhsc.edu\CTCR-Stor1$\MDA_KatelynFosterHandley_AnilSood\screen\raw data\run2\4x_DAPI\4x_DAPI_28609_1\4x_DAPI_28609_1.2019.09.25.16.00.18.CSV,4x_DAPI_28609_1.2019.09.25.16.00.18.CSV,28609,Day0,,A2780ip2,2,2,20190916
C - 18,Summary,984,,C,18,\\CTCRFile1.ad.tamhsc.edu\CTCR-Stor1$\MDA_KatelynFosterHandley_AnilSood\screen\raw data\run2\4x_DAPI\4x_DAPI_28609_1\4x_DAPI_28609_1.2019.09.25.16.00.18.CSV,4x_DAPI_28609_1.2019.09.25.16.00.18.CSV,28609,Day0,,A2780ip2,2,2,20190916
C - 19,Summary,811,,C,19,\\CTCRFile1.ad.tamhsc.edu\CTCR-Stor1$\MDA_KatelynFosterHandley_AnilSood\screen\raw data\run2\4x_DAPI\4x_DAPI_28609_1\4x_DAPI_28609_1.2019.09.25.16.00.18.CSV,4x_DAPI_28609_1.2019.09.25.16.00.18.CSV,28609,Day0,,A2780ip2,2,2,20190916
C - 20,Summary,881,,C,20,\\CTCRFile1.ad.tamhsc.edu\CTCR-Stor1$\MDA_KatelynFosterHandley_AnilSood\screen\raw data\run2\4x_DAPI\4x_DAPI_28609_1\4x_DAPI_28609_1.2019.09.25.16.00.18.CSV,4x_DAPI_28609_1.2019.09.25.16.00.18.CSV,28609,Day0,,A2780ip2,2,2,20190916
C - 21,Summary,928,,C,21,\\CTCRFile1.ad.tamhsc.edu\CTCR-Stor1$\MDA_KatelynFosterHandley_AnilSood\screen\raw data\run2\4x_DAPI\4x_DAPI_28609_1\4x_DAPI_28609_1.2019.09.25.16.00.18.CSV,4x_DAPI_28609_1.2019.09.25.16.00.18.CSV,28609,Day0,,A2780ip2,2,2,20190916
C - 22,Summary,945,,C,22,\\CTCRFile1.ad.tamhsc.edu\CTCR-Stor1$\MDA_KatelynFosterHandley_AnilSood\screen\raw data\run2\4x_DAPI\4x_DAPI_28609_1\4x_DAPI_28609_1.2019.09.25.16.00.18.CSV,4x_DAPI_28609_1.2019.09.25.16.00.18.CSV,28609,Day0,,A2780ip2,2,2,20190916
C - 23,Summary,970,,C,23,\\CTCRFile1.ad.tamhsc.edu\CTCR-Stor1$\MDA_KatelynFosterHandley_AnilSood\screen\raw data\run2\4x_DAPI\4x_DAPI_28609_1\4x_DAPI_28609_1.2019.09.25.16.00.18.CSV,4x_DAPI_28609_1.2019.09.25.16.00.18.CSV,28609,Day0,,A2780ip2,2,2,20190916
C - 24,Summary,1015,,C,24,\\CTCRFile1.ad.tamhsc.edu\CTCR-Stor1$\MDA_KatelynFosterHandley_AnilSood\screen\raw data\run2\4x_DAPI\4x_DAPI_28609_1\4x_DAPI_28609_1.2019.09.25.16.00.18.CSV,4x_DAPI_28609_1.2019.09.25.16.00.18.CSV,28609,Day0,,A2780ip2,2,2,20190916
D - 1,Summary,861,,D,1,\\CTCRFile1.ad.tamhsc.edu\CTCR-Stor1$\MDA_KatelynFosterHandley_AnilSood\screen\raw data\run2\4x_DAPI\4x_DAPI_28609_1\4x_DAPI_28609_1.2019.09.25.16.00.18.CSV,4x_DAPI_28609_1.2019.09.25.16.00.18.CSV,28609,Day0,,A2780ip2,2,2,20190916
D - 2,Summary,795,,D,2,\\CTCRFile1.ad.tamhsc.edu\CTCR-Stor1$\MDA_KatelynFosterHandley_AnilSood\screen\raw data\run2\4x_DAPI\4x_DAPI_28609_1\4x_DAPI_28609_1.2019.09.25.16.00.18.CSV,4x_DAPI_28609_1.2019.09.25.16.00.18.CSV,28609,Day0,,A2780ip2,2,2,20190916
D - 3,Summary,847,,D,3,\\CTCRFile1.ad.tamhsc.edu\CTCR-Stor1$\MDA_KatelynFosterHandley_AnilSood\screen\raw data\run2\4x_DAPI\4x_DAPI_28609_1\4x_DAPI_28609_1.2019.09.25.16.00.18.CSV,4x_DAPI_28609_1.2019.09.25.16.00.18.CSV,28609,Day0,,A2780ip2,2,2,20190916
D - 4,Summary,840,,D,4,\\CTCRFile1.ad.tamhsc.edu\CTCR-Stor1$\MDA_KatelynFosterHandley_AnilSood\screen\raw data\run2\4x_DAPI\4x_DAPI_28609_1\4x_DAPI_28609_1.2019.09.25.16.00.18.CSV,4x_DAPI_28609_1.2019.09.25.16.00.18.CSV,28609,Day0,,A2780ip2,2,2,20190916
D - 5,Summary,858,,D,5,\\CTCRFile1.ad.tamhsc.edu\CTCR-Stor1$\MDA_KatelynFosterHandley_AnilSood\screen\raw data\run2\4x_DAPI\4x_DAPI_28609_1\4x_DAPI_28609_1.2019.09.25.16.00.18.CSV,4x_DAPI_28609_1.2019.09.25.16.00.18.CSV,28609,Day0,,A2780ip2,2,2,20190916
D - 6,Summary,952,,D,6,\\CTCRFile1.ad.tamhsc.edu\CTCR-Stor1$\MDA_KatelynFosterHandley_AnilSood\screen\raw data\run2\4x_DAPI\4x_DAPI_28609_1\4x_DAPI_28609_1.2019.09.25.16.00.18.CSV,4x_DAPI_28609_1.2019.09.25.16.00.18.CSV,28609,Day0,,A2780ip2,2,2,20190916
D - 7,Summary,850,,D,7,\\CTCRFile1.ad.tamhsc.edu\CTCR-Stor1$\MDA_KatelynFosterHandley_AnilSood\screen\raw data\run2\4x_DAPI\4x_DAPI_28609_1\4x_DAPI_28609_1.2019.09.25.16.00.18.CSV,4x_DAPI_28609_1.2019.09.25.16.00.18.CSV,28609,Day0,,A2780ip2,2,2,20190916
D - 8,Summary,926,,D,8,\\CTCRFile1.ad.tamhsc.edu\CTCR-Stor1$\MDA_KatelynFosterHandley_AnilSood\screen\raw data\run2\4x_DAPI\4x_DAPI_28609_1\4x_DAPI_28609_1.2019.09.25.16.00.18.CSV,4x_DAPI_28609_1.2019.09.25.16.00.18.CSV,28609,Day0,,A2780ip2,2,2,20190916
D - 9,Summary,888,,D,9,\\CTCRFile1.ad.tamhsc.edu\CTCR-Stor1$\MDA_KatelynFosterHandley_AnilSood\screen\raw data\run2\4x_DAPI\4x_DAPI_28609_1\4x_DAPI_28609_1.2019.09.25.16.00.18.CSV,4x_DAPI_28609_1.2019.09.25.16.00.18.CSV,28609,Day0,,A2780ip2,2,2,20190916
D - 10,Summary,803,,D,10,\\CTCRFile1.ad.tamhsc.edu\CTCR-Stor1$\MDA_KatelynFosterHandley_AnilSood\screen\raw data\run2\4x_DAPI\4x_DAPI_28609_1\4x_DAPI_28609_1.2019.09.25.16.00.18.CSV,4x_DAPI_28609_1.2019.09.25.16.00.18.CSV,28609,Day0,,A2780ip2,2,2,20190916
D - 11,Summary,884,,D,11,\\CTCRFile1.ad.tamhsc.edu\CTCR-Stor1$\MDA_KatelynFosterHandley_AnilSood\screen\raw data\run2\4x_DAPI\4x_DAPI_28609_1\4x_DAPI_28609_1.2019.09.25.16.00.18.CSV,4x_DAPI_28609_1.2019.09.25.16.00.18.CSV,28609,Day0,,A2780ip2,2,2,20190916
D - 12,Summary,981,,D,12,\\CTCRFile1.ad.tamhsc.edu\CTCR-Stor1$\MDA_KatelynFosterHandley_AnilSood\screen\raw data\run2\4x_DAPI\4x_DAPI_28609_1\4x_DAPI_28609_1.2019.09.25.16.00.18.CSV,4x_DAPI_28609_1.2019.09.25.16.00.18.CSV,28609,Day0,,A2780ip2,2,2,20190916
D - 13,Summary,958,,D,13,\\CTCRFile1.ad.tamhsc.edu\CTCR-Stor1$\MDA_KatelynFosterHandley_AnilSood\screen\raw data\run2\4x_DAPI\4x_DAPI_28609_1\4x_DAPI_28609_1.2019.09.25.16.00.18.CSV,4x_DAPI_28609_1.2019.09.25.16.00.18.CSV,28609,Day0,,A2780ip2,2,2,20190916
D - 14,Summary,1018,,D,14,\\CTCRFile1.ad.tamhsc.edu\CTCR-Stor1$\MDA_KatelynFosterHandley_AnilSood\screen\raw data\run2\4x_DAPI\4x_DAPI_28609_1\4x_DAPI_28609_1.2019.09.25.16.00.18.CSV,4x_DAPI_28609_1.2019.09.25.16.00.18.CSV,28609,Day0,,A2780ip2,2,2,20190916
D - 15,Summary,789,,D,15,\\CTCRFile1.ad.tamhsc.edu\CTCR-Stor1$\MDA_KatelynFosterHandley_AnilSood\screen\raw data\run2\4x_DAPI\4x_DAPI_28609_1\4x_DAPI_28609_1.2019.09.25.16.00.18.CSV,4x_DAPI_28609_1.2019.09.25.16.00.18.CSV,28609,Day0,,A2780ip2,2,2,20190916
D - 16,Summary,881,,D,16,\\CTCRFile1.ad.tamhsc.edu\CTCR-Stor1$\MDA_KatelynFosterHandley_AnilSood\screen\raw data\run2\4x_DAPI\4x_DAPI_28609_1\4x_DAPI_28609_1.2019.09.25.16.00.18.CSV,4x_DAPI_28609_1.2019.09.25.16.00.18.CSV,28609,Day0,,A2780ip2,2,2,20190916
D - 17,Summary,947,,D,17,\\CTCRFile1.ad.tamhsc.edu\CTCR-Stor1$\MDA_KatelynFosterHandley_AnilSood\screen\raw data\run2\4x_DAPI\4x_DAPI_28609_1\4x_DAPI_28609_1.2019.09.25.16.00.18.CSV,4x_DAPI_28609_1.2019.09.25.16.00.18.CSV,28609,Day0,,A2780ip2,2,2,20190916
D - 18,Summary,879,,D,18,\\CTCRFile1.ad.tamhsc.edu\CTCR-Stor1$\MDA_KatelynFosterHandley_AnilSood\screen\raw data\run2\4x_DAPI\4x_DAPI_28609_1\4x_DAPI_28609_1.2019.09.25.16.00.18.CSV,4x_DAPI_28609_1.2019.09.25.16.00.18.CSV,28609,Day0,,A2780ip2,2,2,20190916
D - 19,Summary,980,,D,19,\\CTCRFile1.ad.tamhsc.edu\CTCR-Stor1$\MDA_KatelynFosterHandley_AnilSood\screen\raw data\run2\4x_DAPI\4x_DAPI_28609_1\4x_DAPI_28609_1.2019.09.25.16.00.18.CSV,4x_DAPI_28609_1.2019.09.25.16.00.18.CSV,28609,Day0,,A2780ip2,2,2,20190916
D - 20,Summary,924,,D,20,\\CTCRFile1.ad.tamhsc.edu\CTCR-Stor1$\MDA_KatelynFosterHandley_AnilSood\screen\raw data\run2\4x_DAPI\4x_DAPI_28609_1\4x_DAPI_28609_1.2019.09.25.16.00.18.CSV,4x_DAPI_28609_1.2019.09.25.16.00.18.CSV,28609,Day0,,A2780ip2,2,2,20190916
D - 21,Summary,914,,D,21,\\CTCRFile1.ad.tamhsc.edu\CTCR-Stor1$\MDA_KatelynFosterHandley_AnilSood\screen\raw data\run2\4x_DAPI\4x_DAPI_28609_1\4x_DAPI_28609_1.2019.09.25.16.00.18.CSV,4x_DAPI_28609_1.2019.09.25.16.00.18.CSV,28609,Day0,,A2780ip2,2,2,20190916
D - 22,Summary,938,,D,22,\\CTCRFile1.ad.tamhsc.edu\CTCR-Stor1$\MDA_KatelynFosterHandley_AnilSood\screen\raw data\run2\4x_DAPI\4x_DAPI_28609_1\4x_DAPI_28609_1.2019.09.25.16.00.18.CSV,4x_DAPI_28609_1.2019.09.25.16.00.18.CSV,28609,Day0,,A2780ip2,2,2,20190916
D - 23,Summary,863,,D,23,\\CTCRFile1.ad.tamhsc.edu\CTCR-Stor1$\MDA_KatelynFosterHandley_AnilSood\screen\raw data\run2\4x_DAPI\4x_DAPI_28609_1\4x_DAPI_28609_1.2019.09.25.16.00.18.CSV,4x_DAPI_28609_1.2019.09.25.16.00.18.CSV,28609,Day0,,A2780ip2,2,2,20190916
D - 24,Summary,883,,D,24,\\CTCRFile1.ad.tamhsc.edu\CTCR-Stor1$\MDA_KatelynFosterHandley_AnilSood\screen\raw data\run2\4x_DAPI\4x_DAPI_28609_1\4x_DAPI_28609_1.2019.09.25.16.00.18.CSV,4x_DAPI_28609_1.2019.09.25.16.00.18.CSV,28609,Day0,,A2780ip2,2,2,20190916
E - 1,Summary,841,,E,1,\\CTCRFile1.ad.tamhsc.edu\CTCR-Stor1$\MDA_KatelynFosterHandley_AnilSood\screen\raw data\run2\4x_DAPI\4x_DAPI_28609_1\4x_DAPI_28609_1.2019.09.25.16.00.18.CSV,4x_DAPI_28609_1.2019.09.25.16.00.18.CSV,28609,Day0,,A2780ip2,2,2,20190916
E - 2,Summary,865,,E,2,\\CTCRFile1.ad.tamhsc.edu\CTCR-Stor1$\MDA_KatelynFosterHandley_AnilSood\screen\raw data\run2\4x_DAPI\4x_DAPI_28609_1\4x_DAPI_28609_1.2019.09.25.16.00.18.CSV,4x_DAPI_28609_1.2019.09.25.16.00.18.CSV,28609,Day0,,A2780ip2,2,2,20190916
E - 3,Summary,948,,E,3,\\CTCRFile1.ad.tamhsc.edu\CTCR-Stor1$\MDA_KatelynFosterHandley_AnilSood\screen\raw data\run2\4x_DAPI\4x_DAPI_28609_1\4x_DAPI_28609_1.2019.09.25.16.00.18.CSV,4x_DAPI_28609_1.2019.09.25.16.00.18.CSV,28609,Day0,,A2780ip2,2,2,20190916
E - 4,Summary,923,,E,4,\\CTCRFile1.ad.tamhsc.edu\CTCR-Stor1$\MDA_KatelynFosterHandley_AnilSood\screen\raw data\run2\4x_DAPI\4x_DAPI_28609_1\4x_DAPI_28609_1.2019.09.25.16.00.18.CSV,4x_DAPI_28609_1.2019.09.25.16.00.18.CSV,28609,Day0,,A2780ip2,2,2,20190916
E - 5,Summary,938,,E,5,\\CTCRFile1.ad.tamhsc.edu\CTCR-Stor1$\MDA_KatelynFosterHandley_AnilSood\screen\raw data\run2\4x_DAPI\4x_DAPI_28609_1\4x_DAPI_28609_1.2019.09.25.16.00.18.CSV,4x_DAPI_28609_1.2019.09.25.16.00.18.CSV,28609,Day0,,A2780ip2,2,2,20190916
E - 6,Summary,842,,E,6,\\CTCRFile1.ad.tamhsc.edu\CTCR-Stor1$\MDA_KatelynFosterHandley_AnilSood\screen\raw data\run2\4x_DAPI\4x_DAPI_28609_1\4x_DAPI_28609_1.2019.09.25.16.00.18.CSV,4x_DAPI_28609_1.2019.09.25.16.00.18.CSV,28609,Day0,,A2780ip2,2,2,20190916
E - 7,Summary,839,,E,7,\\CTCRFile1.ad.tamhsc.edu\CTCR-Stor1$\MDA_KatelynFosterHandley_AnilSood\screen\raw data\run2\4x_DAPI\4x_DAPI_28609_1\4x_DAPI_28609_1.2019.09.25.16.00.18.CSV,4x_DAPI_28609_1.2019.09.25.16.00.18.CSV,28609,Day0,,A2780ip2,2,2,20190916
E - 8,Summary,841,,E,8,\\CTCRFile1.ad.tamhsc.edu\CTCR-Stor1$\MDA_KatelynFosterHandley_AnilSood\screen\raw data\run2\4x_DAPI\4x_DAPI_28609_1\4x_DAPI_28609_1.2019.09.25.16.00.18.CSV,4x_DAPI_28609_1.2019.09.25.16.00.18.CSV,28609,Day0,,A2780ip2,2,2,20190916
E - 9,Summary,809,,E,9,\\CTCRFile1.ad.tamhsc.edu\CTCR-Stor1$\MDA_KatelynFosterHandley_AnilSood\screen\raw data\run2\4x_DAPI\4x_DAPI_28609_1\4x_DAPI_28609_1.2019.09.25.16.00.18.CSV,4x_DAPI_28609_1.2019.09.25.16.00.18.CSV,28609,Day0,,A2780ip2,2,2,20190916
E - 10,Summary,890,,E,10,\\CTCRFile1.ad.tamhsc.edu\CTCR-Stor1$\MDA_KatelynFosterHandley_AnilSood\screen\raw data\run2\4x_DAPI\4x_DAPI_28609_1\4x_DAPI_28609_1.2019.09.25.16.00.18.CSV,4x_DAPI_28609_1.2019.09.25.16.00.18.CSV,28609,Day0,,A2780ip2,2,2,20190916
E - 11,Summary,922,,E,11,\\CTCRFile1.ad.tamhsc.edu\CTCR-Stor1$\MDA_KatelynFosterHandley_AnilSood\screen\raw data\run2\4x_DAPI\4x_DAPI_28609_1\4x_DAPI_28609_1.2019.09.25.16.00.18.CSV,4x_DAPI_28609_1.2019.09.25.16.00.18.CSV,28609,Day0,,A2780ip2,2,2,20190916
E - 12,Summary,910,,E,12,\\CTCRFile1.ad.tamhsc.edu\CTCR-Stor1$\MDA_KatelynFosterHandley_AnilSood\screen\raw data\run2\4x_DAPI\4x_DAPI_28609_1\4x_DAPI_28609_1.2019.09.25.16.00.18.CSV,4x_DAPI_28609_1.2019.09.25.16.00.18.CSV,28609,Day0,,A2780ip2,2,2,20190916
E - 13,Summary,965,,E,13,\\CTCRFile1.ad.tamhsc.edu\CTCR-Stor1$\MDA_KatelynFosterHandley_AnilSood\screen\raw data\run2\4x_DAPI\4x_DAPI_28609_1\4x_DAPI_28609_1.2019.09.25.16.00.18.CSV,4x_DAPI_28609_1.2019.09.25.16.00.18.CSV,28609,Day0,,A2780ip2,2,2,20190916
E - 14,Summary,865,,E,14,\\CTCRFile1.ad.tamhsc.edu\CTCR-Stor1$\MDA_KatelynFosterHandley_AnilSood\screen\raw data\run2\4x_DAPI\4x_DAPI_28609_1\4x_DAPI_28609_1.2019.09.25.16.00.18.CSV,4x_DAPI_28609_1.2019.09.25.16.00.18.CSV,28609,Day0,,A2780ip2,2,2,20190916
E - 15,Summary,878,,E,15,\\CTCRFile1.ad.tamhsc.edu\CTCR-Stor1$\MDA_KatelynFosterHandley_AnilSood\screen\raw data\run2\4x_DAPI\4x_DAPI_28609_1\4x_DAPI_28609_1.2019.09.25.16.00.18.CSV,4x_DAPI_28609_1.2019.09.25.16.00.18.CSV,28609,Day0,,A2780ip2,2,2,20190916
E - 16,Summary,946,,E,16,\\CTCRFile1.ad.tamhsc.edu\CTCR-Stor1$\MDA_KatelynFosterHandley_AnilSood\screen\raw data\run2\4x_DAPI\4x_DAPI_28609_1\4x_DAPI_28609_1.2019.09.25.16.00.18.CSV,4x_DAPI_28609_1.2019.09.25.16.00.18.CSV,28609,Day0,,A2780ip2,2,2,20190916
E - 17,Summary,983,,E,17,\\CTCRFile1.ad.tamhsc.edu\CTCR-Stor1$\MDA_KatelynFosterHandley_AnilSood\screen\raw data\run2\4x_DAPI\4x_DAPI_28609_1\4x_DAPI_28609_1.2019.09.25.16.00.18.CSV,4x_DAPI_28609_1.2019.09.25.16.00.18.CSV,28609,Day0,,A2780ip2,2,2,20190916
E - 18,Summary,796,,E,18,\\CTCRFile1.ad.tamhsc.edu\CTCR-Stor1$\MDA_KatelynFosterHandley_AnilSood\screen\raw data\run2\4x_DAPI\4x_DAPI_28609_1\4x_DAPI_28609_1.2019.09.25.16.00.18.CSV,4x_DAPI_28609_1.2019.09.25.16.00.18.CSV,28609,Day0,,A2780ip2,2,2,20190916
E - 19,Summary,965,,E,19,\\CTCRFile1.ad.tamhsc.edu\CTCR-Stor1$\MDA_KatelynFosterHandley_AnilSood\screen\raw data\run2\4x_DAPI\4x_DAPI_28609_1\4x_DAPI_28609_1.2019.09.25.16.00.18.CSV,4x_DAPI_28609_1.2019.09.25.16.00.18.CSV,28609,Day0,,A2780ip2,2,2,20190916
E - 20,Summary,923,,E,20,\\CTCRFile1.ad.tamhsc.edu\CTCR-Stor1$\MDA_KatelynFosterHandley_AnilSood\screen\raw data\run2\4x_DAPI\4x_DAPI_28609_1\4x_DAPI_28609_1.2019.09.25.16.00.18.CSV,4x_DAPI_28609_1.2019.09.25.16.00.18.CSV,28609,Day0,,A2780ip2,2,2,20190916
E - 21,Summary,853,,E,21,\\CTCRFile1.ad.tamhsc.edu\CTCR-Stor1$\MDA_KatelynFosterHandley_AnilSood\screen\raw data\run2\4x_DAPI\4x_DAPI_28609_1\4x_DAPI_28609_1.2019.09.25.16.00.18.CSV,4x_DAPI_28609_1.2019.09.25.16.00.18.CSV,28609,Day0,,A2780ip2,2,2,20190916
E - 22,Summary,884,,E,22,\\CTCRFile1.ad.tamhsc.edu\CTCR-Stor1$\MDA_KatelynFosterHandley_AnilSood\screen\raw data\run2\4x_DAPI\4x_DAPI_28609_1\4x_DAPI_28609_1.2019.09.25.16.00.18.CSV,4x_DAPI_28609_1.2019.09.25.16.00.18.CSV,28609,Day0,,A2780ip2,2,2,20190916
E - 23,Summary,845,,E,23,\\CTCRFile1.ad.tamhsc.edu\CTCR-Stor1$\MDA_KatelynFosterHandley_AnilSood\screen\raw data\run2\4x_DAPI\4x_DAPI_28609_1\4x_DAPI_28609_1.2019.09.25.16.00.18.CSV,4x_DAPI_28609_1.2019.09.25.16.00.18.CSV,28609,Day0,,A2780ip2,2,2,20190916
E - 24,Summary,828,,E,24,\\CTCRFile1.ad.tamhsc.edu\CTCR-Stor1$\MDA_KatelynFosterHandley_AnilSood\screen\raw data\run2\4x_DAPI\4x_DAPI_28609_1\4x_DAPI_28609_1.2019.09.25.16.00.18.CSV,4x_DAPI_28609_1.2019.09.25.16.00.18.CSV,28609,Day0,,A2780ip2,2,2,20190916
F - 1,Summary,841,,F,1,\\CTCRFile1.ad.tamhsc.edu\CTCR-Stor1$\MDA_KatelynFosterHandley_AnilSood\screen\raw data\run2\4x_DAPI\4x_DAPI_28609_1\4x_DAPI_28609_1.2019.09.25.16.00.18.CSV,4x_DAPI_28609_1.2019.09.25.16.00.18.CSV,28609,Day0,,A2780ip2,2,2,20190916
F - 2,Summary,944,,F,2,\\CTCRFile1.ad.tamhsc.edu\CTCR-Stor1$\MDA_KatelynFosterHandley_AnilSood\screen\raw data\run2\4x_DAPI\4x_DAPI_28609_1\4x_DAPI_28609_1.2019.09.25.16.00.18.CSV,4x_DAPI_28609_1.2019.09.25.16.00.18.CSV,28609,Day0,,A2780ip2,2,2,20190916
F - 3,Summary,859,,F,3,\\CTCRFile1.ad.tamhsc.edu\CTCR-Stor1$\MDA_KatelynFosterHandley_AnilSood\screen\raw data\run2\4x_DAPI\4x_DAPI_28609_1\4x_DAPI_28609_1.2019.09.25.16.00.18.CSV,4x_DAPI_28609_1.2019.09.25.16.00.18.CSV,28609,Day0,,A2780ip2,2,2,20190916
F - 4,Summary,1043,,F,4,\\CTCRFile1.ad.tamhsc.edu\CTCR-Stor1$\MDA_KatelynFosterHandley_AnilSood\screen\raw data\run2\4x_DAPI\4x_DAPI_28609_1\4x_DAPI_28609_1.2019.09.25.16.00.18.CSV,4x_DAPI_28609_1.2019.09.25.16.00.18.CSV,28609,Day0,,A2780ip2,2,2,20190916
F - 5,Summary,983,,F,5,\\CTCRFile1.ad.tamhsc.edu\CTCR-Stor1$\MDA_KatelynFosterHandley_AnilSood\screen\raw data\run2\4x_DAPI\4x_DAPI_28609_1\4x_DAPI_28609_1.2019.09.25.16.00.18.CSV,4x_DAPI_28609_1.2019.09.25.16.00.18.CSV,28609,Day0,,A2780ip2,2,2,20190916
F - 6,Summary,911,,F,6,\\CTCRFile1.ad.tamhsc.edu\CTCR-Stor1$\MDA_KatelynFosterHandley_AnilSood\screen\raw data\run2\4x_DAPI\4x_DAPI_28609_1\4x_DAPI_28609_1.2019.09.25.16.00.18.CSV,4x_DAPI_28609_1.2019.09.25.16.00.18.CSV,28609,Day0,,A2780ip2,2,2,20190916
F - 7,Summary,879,,F,7,\\CTCRFile1.ad.tamhsc.edu\CTCR-Stor1$\MDA_KatelynFosterHandley_AnilSood\screen\raw data\run2\4x_DAPI\4x_DAPI_28609_1\4x_DAPI_28609_1.2019.09.25.16.00.18.CSV,4x_DAPI_28609_1.2019.09.25.16.00.18.CSV,28609,Day0,,A2780ip2,2,2,20190916
F - 8,Summary,891,,F,8,\\CTCRFile1.ad.tamhsc.edu\CTCR-Stor1$\MDA_KatelynFosterHandley_AnilSood\screen\raw data\run2\4x_DAPI\4x_DAPI_28609_1\4x_DAPI_28609_1.2019.09.25.16.00.18.CSV,4x_DAPI_28609_1.2019.09.25.16.00.18.CSV,28609,Day0,,A2780ip2,2,2,20190916
F - 9,Summary,853,,F,9,\\CTCRFile1.ad.tamhsc.edu\CTCR-Stor1$\MDA_KatelynFosterHandley_AnilSood\screen\raw data\run2\4x_DAPI\4x_DAPI_28609_1\4x_DAPI_28609_1.2019.09.25.16.00.18.CSV,4x_DAPI_28609_1.2019.09.25.16.00.18.CSV,28609,Day0,,A2780ip2,2,2,20190916
F - 10,Summary,875,,F,10,\\CTCRFile1.ad.tamhsc.edu\CTCR-Stor1$\MDA_KatelynFosterHandley_AnilSood\screen\raw data\run2\4x_DAPI\4x_DAPI_28609_1\4x_DAPI_28609_1.2019.09.25.16.00.18.CSV,4x_DAPI_28609_1.2019.09.25.16.00.18.CSV,28609,Day0,,A2780ip2,2,2,20190916
F - 11,Summary,777,,F,11,\\CTCRFile1.ad.tamhsc.edu\CTCR-Stor1$\MDA_KatelynFosterHandley_AnilSood\screen\raw data\run2\4x_DAPI\4x_DAPI_28609_1\4x_DAPI_28609_1.2019.09.25.16.00.18.CSV,4x_DAPI_28609_1.2019.09.25.16.00.18.CSV,28609,Day0,,A2780ip2,2,2,20190916
F - 12,Summary,906,,F,12,\\CTCRFile1.ad.tamhsc.edu\CTCR-Stor1$\MDA_KatelynFosterHandley_AnilSood\screen\raw data\run2\4x_DAPI\4x_DAPI_28609_1\4x_DAPI_28609_1.2019.09.25.16.00.18.CSV,4x_DAPI_28609_1.2019.09.25.16.00.18.CSV,28609,Day0,,A2780ip2,2,2,20190916
F - 13,Summary,927,,F,13,\\CTCRFile1.ad.tamhsc.edu\CTCR-Stor1$\MDA_KatelynFosterHandley_AnilSood\screen\raw data\run2\4x_DAPI\4x_DAPI_28609_1\4x_DAPI_28609_1.2019.09.25.16.00.18.CSV,4x_DAPI_28609_1.2019.09.25.16.00.18.CSV,28609,Day0,,A2780ip2,2,2,20190916
F - 14,Summary,717,,F,14,\\CTCRFile1.ad.tamhsc.edu\CTCR-Stor1$\MDA_KatelynFosterHandley_AnilSood\screen\raw data\run2\4x_DAPI\4x_DAPI_28609_1\4x_DAPI_28609_1.2019.09.25.16.00.18.CSV,4x_DAPI_28609_1.2019.09.25.16.00.18.CSV,28609,Day0,,A2780ip2,2,2,20190916
F - 15,Summary,836,,F,15,\\CTCRFile1.ad.tamhsc.edu\CTCR-Stor1$\MDA_KatelynFosterHandley_AnilSood\screen\raw data\run2\4x_DAPI\4x_DAPI_28609_1\4x_DAPI_28609_1.2019.09.25.16.00.18.CSV,4x_DAPI_28609_1.2019.09.25.16.00.18.CSV,28609,Day0,,A2780ip2,2,2,20190916
F - 16,Summary,966,,F,16,\\CTCRFile1.ad.tamhsc.edu\CTCR-Stor1$\MDA_KatelynFosterHandley_AnilSood\screen\raw data\run2\4x_DAPI\4x_DAPI_28609_1\4x_DAPI_28609_1.2019.09.25.16.00.18.CSV,4x_DAPI_28609_1.2019.09.25.16.00.18.CSV,28609,Day0,,A2780ip2,2,2,20190916
F - 17,Summary,810,,F,17,\\CTCRFile1.ad.tamhsc.edu\CTCR-Stor1$\MDA_KatelynFosterHandley_AnilSood\screen\raw data\run2\4x_DAPI\4x_DAPI_28609_1\4x_DAPI_28609_1.2019.09.25.16.00.18.CSV,4x_DAPI_28609_1.2019.09.25.16.00.18.CSV,28609,Day0,,A2780ip2,2,2,20190916
F - 18,Summary,948,,F,18,\\CTCRFile1.ad.tamhsc.edu\CTCR-Stor1$\MDA_KatelynFosterHandley_AnilSood\screen\raw data\run2\4x_DAPI\4x_DAPI_28609_1\4x_DAPI_28609_1.2019.09.25.16.00.18.CSV,4x_DAPI_28609_1.2019.09.25.16.00.18.CSV,28609,Day0,,A2780ip2,2,2,20190916
F - 19,Summary,851,,F,19,\\CTCRFile1.ad.tamhsc.edu\CTCR-Stor1$\MDA_KatelynFosterHandley_AnilSood\screen\raw data\run2\4x_DAPI\4x_DAPI_28609_1\4x_DAPI_28609_1.2019.09.25.16.00.18.CSV,4x_DAPI_28609_1.2019.09.25.16.00.18.CSV,28609,Day0,,A2780ip2,2,2,20190916
F - 20,Summary,840,,F,20,\\CTCRFile1.ad.tamhsc.edu\CTCR-Stor1$\MDA_KatelynFosterHandley_AnilSood\screen\raw data\run2\4x_DAPI\4x_DAPI_28609_1\4x_DAPI_28609_1.2019.09.25.16.00.18.CSV,4x_DAPI_28609_1.2019.09.25.16.00.18.CSV,28609,Day0,,A2780ip2,2,2,20190916
F - 21,Summary,870,,F,21,\\CTCRFile1.ad.tamhsc.edu\CTCR-Stor1$\MDA_KatelynFosterHandley_AnilSood\screen\raw data\run2\4x_DAPI\4x_DAPI_28609_1\4x_DAPI_28609_1.2019.09.25.16.00.18.CSV,4x_DAPI_28609_1.2019.09.25.16.00.18.CSV,28609,Day0,,A2780ip2,2,2,20190916
F - 22,Summary,810,,F,22,\\CTCRFile1.ad.tamhsc.edu\CTCR-Stor1$\MDA_KatelynFosterHandley_AnilSood\screen\raw data\run2\4x_DAPI\4x_DAPI_28609_1\4x_DAPI_28609_1.2019.09.25.16.00.18.CSV,4x_DAPI_28609_1.2019.09.25.16.00.18.CSV,28609,Day0,,A2780ip2,2,2,20190916
F - 23,Summary,849,,F,23,\\CTCRFile1.ad.tamhsc.edu\CTCR-Stor1$\MDA_KatelynFosterHandley_AnilSood\screen\raw data\run2\4x_DAPI\4x_DAPI_28609_1\4x_DAPI_28609_1.2019.09.25.16.00.18.CSV,4x_DAPI_28609_1.2019.09.25.16.00.18.CSV,28609,Day0,,A2780ip2,2,2,20190916
F - 24,Summary,846,,F,24,\\CTCRFile1.ad.tamhsc.edu\CTCR-Stor1$\MDA_KatelynFosterHandley_AnilSood\screen\raw data\run2\4x_DAPI\4x_DAPI_28609_1\4x_DAPI_28609_1.2019.09.25.16.00.18.CSV,4x_DAPI_28609_1.2019.09.25.16.00.18.CSV,28609,Day0,,A2780ip2,2,2,20190916
G - 1,Summary,862,,G,1,\\CTCRFile1.ad.tamhsc.edu\CTCR-Stor1$\MDA_KatelynFosterHandley_AnilSood\screen\raw data\run2\4x_DAPI\4x_DAPI_28609_1\4x_DAPI_28609_1.2019.09.25.16.00.18.CSV,4x_DAPI_28609_1.2019.09.25.16.00.18.CSV,28609,Day0,,A2780ip2,2,2,20190916
G - 2,Summary,902,,G,2,\\CTCRFile1.ad.tamhsc.edu\CTCR-Stor1$\MDA_KatelynFosterHandley_AnilSood\screen\raw data\run2\4x_DAPI\4x_DAPI_28609_1\4x_DAPI_28609_1.2019.09.25.16.00.18.CSV,4x_DAPI_28609_1.2019.09.25.16.00.18.CSV,28609,Day0,,A2780ip2,2,2,20190916
G - 3,Summary,881,,G,3,\\CTCRFile1.ad.tamhsc.edu\CTCR-Stor1$\MDA_KatelynFosterHandley_AnilSood\screen\raw data\run2\4x_DAPI\4x_DAPI_28609_1\4x_DAPI_28609_1.2019.09.25.16.00.18.CSV,4x_DAPI_28609_1.2019.09.25.16.00.18.CSV,28609,Day0,,A2780ip2,2,2,20190916
G - 4,Summary,953,,G,4,\\CTCRFile1.ad.tamhsc.edu\CTCR-Stor1$\MDA_KatelynFosterHandley_AnilSood\screen\raw data\run2\4x_DAPI\4x_DAPI_28609_1\4x_DAPI_28609_1.2019.09.25.16.00.18.CSV,4x_DAPI_28609_1.2019.09.25.16.00.18.CSV,28609,Day0,,A2780ip2,2,2,20190916
G - 5,Summary,942,,G,5,\\CTCRFile1.ad.tamhsc.edu\CTCR-Stor1$\MDA_KatelynFosterHandley_AnilSood\screen\raw data\run2\4x_DAPI\4x_DAPI_28609_1\4x_DAPI_28609_1.2019.09.25.16.00.18.CSV,4x_DAPI_28609_1.2019.09.25.16.00.18.CSV,28609,Day0,,A2780ip2,2,2,20190916
G - 6,Summary,814,,G,6,\\CTCRFile1.ad.tamhsc.edu\CTCR-Stor1$\MDA_KatelynFosterHandley_AnilSood\screen\raw data\run2\4x_DAPI\4x_DAPI_28609_1\4x_DAPI_28609_1.2019.09.25.16.00.18.CSV,4x_DAPI_28609_1.2019.09.25.16.00.18.CSV,28609,Day0,,A2780ip2,2,2,20190916
G - 7,Summary,839,,G,7,\\CTCRFile1.ad.tamhsc.edu\CTCR-Stor1$\MDA_KatelynFosterHandley_AnilSood\screen\raw data\run2\4x_DAPI\4x_DAPI_28609_1\4x_DAPI_28609_1.2019.09.25.16.00.18.CSV,4x_DAPI_28609_1.2019.09.25.16.00.18.CSV,28609,Day0,,A2780ip2,2,2,20190916
G - 8,Summary,817,,G,8,\\CTCRFile1.ad.tamhsc.edu\CTCR-Stor1$\MDA_KatelynFosterHandley_AnilSood\screen\raw data\run2\4x_DAPI\4x_DAPI_28609_1\4x_DAPI_28609_1.2019.09.25.16.00.18.CSV,4x_DAPI_28609_1.2019.09.25.16.00.18.CSV,28609,Day0,,A2780ip2,2,2,20190916
G - 9,Summary,938,,G,9,\\CTCRFile1.ad.tamhsc.edu\CTCR-Stor1$\MDA_KatelynFosterHandley_AnilSood\screen\raw data\run2\4x_DAPI\4x_DAPI_28609_1\4x_DAPI_28609_1.2019.09.25.16.00.18.CSV,4x_DAPI_28609_1.2019.09.25.16.00.18.CSV,28609,Day0,,A2780ip2,2,2,20190916
G - 10,Summary,867,,G,10,\\CTCRFile1.ad.tamhsc.edu\CTCR-Stor1$\MDA_KatelynFosterHandley_AnilSood\screen\raw data\run2\4x_DAPI\4x_DAPI_28609_1\4x_DAPI_28609_1.2019.09.25.16.00.18.CSV,4x_DAPI_28609_1.2019.09.25.16.00.18.CSV,28609,Day0,,A2780ip2,2,2,20190916
G - 11,Summary,853,,G,11,\\CTCRFile1.ad.tamhsc.edu\CTCR-Stor1$\MDA_KatelynFosterHandley_AnilSood\screen\raw data\run2\4x_DAPI\4x_DAPI_28609_1\4x_DAPI_28609_1.2019.09.25.16.00.18.CSV,4x_DAPI_28609_1.2019.09.25.16.00.18.CSV,28609,Day0,,A2780ip2,2,2,20190916
G - 12,Summary,887,,G,12,\\CTCRFile1.ad.tamhsc.edu\CTCR-Stor1$\MDA_KatelynFosterHandley_AnilSood\screen\raw data\run2\4x_DAPI\4x_DAPI_28609_1\4x_DAPI_28609_1.2019.09.25.16.00.18.CSV,4x_DAPI_28609_1.2019.09.25.16.00.18.CSV,28609,Day0,,A2780ip2,2,2,20190916
G - 13,Summary,1031,,G,13,\\CTCRFile1.ad.tamhsc.edu\CTCR-Stor1$\MDA_KatelynFosterHandley_AnilSood\screen\raw data\run2\4x_DAPI\4x_DAPI_28609_1\4x_DAPI_28609_1.2019.09.25.16.00.18.CSV,4x_DAPI_28609_1.2019.09.25.16.00.18.CSV,28609,Day0,,A2780ip2,2,2,20190916
G - 14,Summary,811,,G,14,\\CTCRFile1.ad.tamhsc.edu\CTCR-Stor1$\MDA_KatelynFosterHandley_AnilSood\screen\raw data\run2\4x_DAPI\4x_DAPI_28609_1\4x_DAPI_28609_1.2019.09.25.16.00.18.CSV,4x_DAPI_28609_1.2019.09.25.16.00.18.CSV,28609,Day0,,A2780ip2,2,2,20190916
G - 15,Summary,853,,G,15,\\CTCRFile1.ad.tamhsc.edu\CTCR-Stor1$\MDA_KatelynFosterHandley_AnilSood\screen\raw data\run2\4x_DAPI\4x_DAPI_28609_1\4x_DAPI_28609_1.2019.09.25.16.00.18.CSV,4x_DAPI_28609_1.2019.09.25.16.00.18.CSV,28609,Day0,,A2780ip2,2,2,20190916
G - 16,Summary,812,,G,16,\\CTCRFile1.ad.tamhsc.edu\CTCR-Stor1$\MDA_KatelynFosterHandley_AnilSood\screen\raw data\run2\4x_DAPI\4x_DAPI_28609_1\4x_DAPI_28609_1.2019.09.25.16.00.18.CSV,4x_DAPI_28609_1.2019.09.25.16.00.18.CSV,28609,Day0,,A2780ip2,2,2,20190916
G - 17,Summary,804,,G,17,\\CTCRFile1.ad.tamhsc.edu\CTCR-Stor1$\MDA_KatelynFosterHandley_AnilSood\screen\raw data\run2\4x_DAPI\4x_DAPI_28609_1\4x_DAPI_28609_1.2019.09.25.16.00.18.CSV,4x_DAPI_28609_1.2019.09.25.16.00.18.CSV,28609,Day0,,A2780ip2,2,2,20190916
G - 18,Summary,833,,G,18,\\CTCRFile1.ad.tamhsc.edu\CTCR-Stor1$\MDA_KatelynFosterHandley_AnilSood\screen\raw data\run2\4x_DAPI\4x_DAPI_28609_1\4x_DAPI_28609_1.2019.09.25.16.00.18.CSV,4x_DAPI_28609_1.2019.09.25.16.00.18.CSV,28609,Day0,,A2780ip2,2,2,20190916
G - 19,Summary,855,,G,19,\\CTCRFile1.ad.tamhsc.edu\CTCR-Stor1$\MDA_KatelynFosterHandley_AnilSood\screen\raw data\run2\4x_DAPI\4x_DAPI_28609_1\4x_DAPI_28609_1.2019.09.25.16.00.18.CSV,4x_DAPI_28609_1.2019.09.25.16.00.18.CSV,28609,Day0,,A2780ip2,2,2,20190916
G - 20,Summary,815,,G,20,\\CTCRFile1.ad.tamhsc.edu\CTCR-Stor1$\MDA_KatelynFosterHandley_AnilSood\screen\raw data\run2\4x_DAPI\4x_DAPI_28609_1\4x_DAPI_28609_1.2019.09.25.16.00.18.CSV,4x_DAPI_28609_1.2019.09.25.16.00.18.CSV,28609,Day0,,A2780ip2,2,2,20190916
G - 21,Summary,831,,G,21,\\CTCRFile1.ad.tamhsc.edu\CTCR-Stor1$\MDA_KatelynFosterHandley_AnilSood\screen\raw data\run2\4x_DAPI\4x_DAPI_28609_1\4x_DAPI_28609_1.2019.09.25.16.00.18.CSV,4x_DAPI_28609_1.2019.09.25.16.00.18.CSV,28609,Day0,,A2780ip2,2,2,20190916
G - 22,Summary,844,,G,22,\\CTCRFile1.ad.tamhsc.edu\CTCR-Stor1$\MDA_KatelynFosterHandley_AnilSood\screen\raw data\run2\4x_DAPI\4x_DAPI_28609_1\4x_DAPI_28609_1.2019.09.25.16.00.18.CSV,4x_DAPI_28609_1.2019.09.25.16.00.18.CSV,28609,Day0,,A2780ip2,2,2,20190916
G - 23,Summary,922,,G,23,\\CTCRFile1.ad.tamhsc.edu\CTCR-Stor1$\MDA_KatelynFosterHandley_AnilSood\screen\raw data\run2\4x_DAPI\4x_DAPI_28609_1\4x_DAPI_28609_1.2019.09.25.16.00.18.CSV,4x_DAPI_28609_1.2019.09.25.16.00.18.CSV,28609,Day0,,A2780ip2,2,2,20190916
G - 24,Summary,953,,G,24,\\CTCRFile1.ad.tamhsc.edu\CTCR-Stor1$\MDA_KatelynFosterHandley_AnilSood\screen\raw data\run2\4x_DAPI\4x_DAPI_28609_1\4x_DAPI_28609_1.2019.09.25.16.00.18.CSV,4x_DAPI_28609_1.2019.09.25.16.00.18.CSV,28609,Day0,,A2780ip2,2,2,20190916
H - 1,Summary,815,,H,1,\\CTCRFile1.ad.tamhsc.edu\CTCR-Stor1$\MDA_KatelynFosterHandley_AnilSood\screen\raw data\run2\4x_DAPI\4x_DAPI_28609_1\4x_DAPI_28609_1.2019.09.25.16.00.18.CSV,4x_DAPI_28609_1.2019.09.25.16.00.18.CSV,28609,Day0,,A2780ip2,2,2,20190916
H - 2,Summary,822,,H,2,\\CTCRFile1.ad.tamhsc.edu\CTCR-Stor1$\MDA_KatelynFosterHandley_AnilSood\screen\raw data\run2\4x_DAPI\4x_DAPI_28609_1\4x_DAPI_28609_1.2019.09.25.16.00.18.CSV,4x_DAPI_28609_1.2019.09.25.16.00.18.CSV,28609,Day0,,A2780ip2,2,2,20190916
H - 3,Summary,924,,H,3,\\CTCRFile1.ad.tamhsc.edu\CTCR-Stor1$\MDA_KatelynFosterHandley_AnilSood\screen\raw data\run2\4x_DAPI\4x_DAPI_28609_1\4x_DAPI_28609_1.2019.09.25.16.00.18.CSV,4x_DAPI_28609_1.2019.09.25.16.00.18.CSV,28609,Day0,,A2780ip2,2,2,20190916
H - 4,Summary,879,,H,4,\\CTCRFile1.ad.tamhsc.edu\CTCR-Stor1$\MDA_KatelynFosterHandley_AnilSood\screen\raw data\run2\4x_DAPI\4x_DAPI_28609_1\4x_DAPI_28609_1.2019.09.25.16.00.18.CSV,4x_DAPI_28609_1.2019.09.25.16.00.18.CSV,28609,Day0,,A2780ip2,2,2,20190916
H - 5,Summary,849,,H,5,\\CTCRFile1.ad.tamhsc.edu\CTCR-Stor1$\MDA_KatelynFosterHandley_AnilSood\screen\raw data\run2\4x_DAPI\4x_DAPI_28609_1\4x_DAPI_28609_1.2019.09.25.16.00.18.CSV,4x_DAPI_28609_1.2019.09.25.16.00.18.CSV,28609,Day0,,A2780ip2,2,2,20190916
H - 6,Summary,882,,H,6,\\CTCRFile1.ad.tamhsc.edu\CTCR-Stor1$\MDA_KatelynFosterHandley_AnilSood\screen\raw data\run2\4x_DAPI\4x_DAPI_28609_1\4x_DAPI_28609_1.2019.09.25.16.00.18.CSV,4x_DAPI_28609_1.2019.09.25.16.00.18.CSV,28609,Day0,,A2780ip2,2,2,20190916
H - 7,Summary,892,,H,7,\\CTCRFile1.ad.tamhsc.edu\CTCR-Stor1$\MDA_KatelynFosterHandley_AnilSood\screen\raw data\run2\4x_DAPI\4x_DAPI_28609_1\4x_DAPI_28609_1.2019.09.25.16.00.18.CSV,4x_DAPI_28609_1.2019.09.25.16.00.18.CSV,28609,Day0,,A2780ip2,2,2,20190916
H - 8,Summary,833,,H,8,\\CTCRFile1.ad.tamhsc.edu\CTCR-Stor1$\MDA_KatelynFosterHandley_AnilSood\screen\raw data\run2\4x_DAPI\4x_DAPI_28609_1\4x_DAPI_28609_1.2019.09.25.16.00.18.CSV,4x_DAPI_28609_1.2019.09.25.16.00.18.CSV,28609,Day0,,A2780ip2,2,2,20190916
H - 9,Summary,893,,H,9,\\CTCRFile1.ad.tamhsc.edu\CTCR-Stor1$\MDA_KatelynFosterHandley_AnilSood\screen\raw data\run2\4x_DAPI\4x_DAPI_28609_1\4x_DAPI_28609_1.2019.09.25.16.00.18.CSV,4x_DAPI_28609_1.2019.09.25.16.00.18.CSV,28609,Day0,,A2780ip2,2,2,20190916
H - 10,Summary,909,,H,10,\\CTCRFile1.ad.tamhsc.edu\CTCR-Stor1$\MDA_KatelynFosterHandley_AnilSood\screen\raw data\run2\4x_DAPI\4x_DAPI_28609_1\4x_DAPI_28609_1.2019.09.25.16.00.18.CSV,4x_DAPI_28609_1.2019.09.25.16.00.18.CSV,28609,Day0,,A2780ip2,2,2,20190916
H - 11,Summary,823,,H,11,\\CTCRFile1.ad.tamhsc.edu\CTCR-Stor1$\MDA_KatelynFosterHandley_AnilSood\screen\raw data\run2\4x_DAPI\4x_DAPI_28609_1\4x_DAPI_28609_1.2019.09.25.16.00.18.CSV,4x_DAPI_28609_1.2019.09.25.16.00.18.CSV,28609,Day0,,A2780ip2,2,2,20190916
H - 12,Summary,884,,H,12,\\CTCRFile1.ad.tamhsc.edu\CTCR-Stor1$\MDA_KatelynFosterHandley_AnilSood\screen\raw data\run2\4x_DAPI\4x_DAPI_28609_1\4x_DAPI_28609_1.2019.09.25.16.00.18.CSV,4x_DAPI_28609_1.2019.09.25.16.00.18.CSV,28609,Day0,,A2780ip2,2,2,20190916
H - 13,Summary,838,,H,13,\\CTCRFile1.ad.tamhsc.edu\CTCR-Stor1$\MDA_KatelynFosterHandley_AnilSood\screen\raw data\run2\4x_DAPI\4x_DAPI_28609_1\4x_DAPI_28609_1.2019.09.25.16.00.18.CSV,4x_DAPI_28609_1.2019.09.25.16.00.18.CSV,28609,Day0,,A2780ip2,2,2,20190916
H - 14,Summary,870,,H,14,\\CTCRFile1.ad.tamhsc.edu\CTCR-Stor1$\MDA_KatelynFosterHandley_AnilSood\screen\raw data\run2\4x_DAPI\4x_DAPI_28609_1\4x_DAPI_28609_1.2019.09.25.16.00.18.CSV,4x_DAPI_28609_1.2019.09.25.16.00.18.CSV,28609,Day0,,A2780ip2,2,2,20190916
H - 15,Summary,808,,H,15,\\CTCRFile1.ad.tamhsc.edu\CTCR-Stor1$\MDA_KatelynFosterHandley_AnilSood\screen\raw data\run2\4x_DAPI\4x_DAPI_28609_1\4x_DAPI_28609_1.2019.09.25.16.00.18.CSV,4x_DAPI_28609_1.2019.09.25.16.00.18.CSV,28609,Day0,,A2780ip2,2,2,20190916
H - 16,Summary,949,,H,16,\\CTCRFile1.ad.tamhsc.edu\CTCR-Stor1$\MDA_KatelynFosterHandley_AnilSood\screen\raw data\run2\4x_DAPI\4x_DAPI_28609_1\4x_DAPI_28609_1.2019.09.25.16.00.18.CSV,4x_DAPI_28609_1.2019.09.25.16.00.18.CSV,28609,Day0,,A2780ip2,2,2,20190916
H - 17,Summary,903,,H,17,\\CTCRFile1.ad.tamhsc.edu\CTCR-Stor1$\MDA_KatelynFosterHandley_AnilSood\screen\raw data\run2\4x_DAPI\4x_DAPI_28609_1\4x_DAPI_28609_1.2019.09.25.16.00.18.CSV,4x_DAPI_28609_1.2019.09.25.16.00.18.CSV,28609,Day0,,A2780ip2,2,2,20190916
H - 18,Summary,858,,H,18,\\CTCRFile1.ad.tamhsc.edu\CTCR-Stor1$\MDA_KatelynFosterHandley_AnilSood\screen\raw data\run2\4x_DAPI\4x_DAPI_28609_1\4x_DAPI_28609_1.2019.09.25.16.00.18.CSV,4x_DAPI_28609_1.2019.09.25.16.00.18.CSV,28609,Day0,,A2780ip2,2,2,20190916
H - 19,Summary,826,,H,19,\\CTCRFile1.ad.tamhsc.edu\CTCR-Stor1$\MDA_KatelynFosterHandley_AnilSood\screen\raw data\run2\4x_DAPI\4x_DAPI_28609_1\4x_DAPI_28609_1.2019.09.25.16.00.18.CSV,4x_DAPI_28609_1.2019.09.25.16.00.18.CSV,28609,Day0,,A2780ip2,2,2,20190916
H - 20,Summary,898,,H,20,\\CTCRFile1.ad.tamhsc.edu\CTCR-Stor1$\MDA_KatelynFosterHandley_AnilSood\screen\raw data\run2\4x_DAPI\4x_DAPI_28609_1\4x_DAPI_28609_1.2019.09.25.16.00.18.CSV,4x_DAPI_28609_1.2019.09.25.16.00.18.CSV,28609,Day0,,A2780ip2,2,2,20190916
H - 21,Summary,898,,H,21,\\CTCRFile1.ad.tamhsc.edu\CTCR-Stor1$\MDA_KatelynFosterHandley_AnilSood\screen\raw data\run2\4x_DAPI\4x_DAPI_28609_1\4x_DAPI_28609_1.2019.09.25.16.00.18.CSV,4x_DAPI_28609_1.2019.09.25.16.00.18.CSV,28609,Day0,,A2780ip2,2,2,20190916
H - 22,Summary,879,,H,22,\\CTCRFile1.ad.tamhsc.edu\CTCR-Stor1$\MDA_KatelynFosterHandley_AnilSood\screen\raw data\run2\4x_DAPI\4x_DAPI_28609_1\4x_DAPI_28609_1.2019.09.25.16.00.18.CSV,4x_DAPI_28609_1.2019.09.25.16.00.18.CSV,28609,Day0,,A2780ip2,2,2,20190916
H - 23,Summary,864,,H,23,\\CTCRFile1.ad.tamhsc.edu\CTCR-Stor1$\MDA_KatelynFosterHandley_AnilSood\screen\raw data\run2\4x_DAPI\4x_DAPI_28609_1\4x_DAPI_28609_1.2019.09.25.16.00.18.CSV,4x_DAPI_28609_1.2019.09.25.16.00.18.CSV,28609,Day0,,A2780ip2,2,2,20190916
H - 24,Summary,853,,H,24,\\CTCRFile1.ad.tamhsc.edu\CTCR-Stor1$\MDA_KatelynFosterHandley_AnilSood\screen\raw data\run2\4x_DAPI\4x_DAPI_28609_1\4x_DAPI_28609_1.2019.09.25.16.00.18.CSV,4x_DAPI_28609_1.2019.09.25.16.00.18.CSV,28609,Day0,,A2780ip2,2,2,20190916
I - 1,Summary,841,,I,1,\\CTCRFile1.ad.tamhsc.edu\CTCR-Stor1$\MDA_KatelynFosterHandley_AnilSood\screen\raw data\run2\4x_DAPI\4x_DAPI_28609_1\4x_DAPI_28609_1.2019.09.25.16.00.18.CSV,4x_DAPI_28609_1.2019.09.25.16.00.18.CSV,28609,Day0,,A2780ip2,2,2,20190916
I - 2,Summary,789,,I,2,\\CTCRFile1.ad.tamhsc.edu\CTCR-Stor1$\MDA_KatelynFosterHandley_AnilSood\screen\raw data\run2\4x_DAPI\4x_DAPI_28609_1\4x_DAPI_28609_1.2019.09.25.16.00.18.CSV,4x_DAPI_28609_1.2019.09.25.16.00.18.CSV,28609,Day0,,A2780ip2,2,2,20190916
I - 3,Summary,986,,I,3,\\CTCRFile1.ad.tamhsc.edu\CTCR-Stor1$\MDA_KatelynFosterHandley_AnilSood\screen\raw data\run2\4x_DAPI\4x_DAPI_28609_1\4x_DAPI_28609_1.2019.09.25.16.00.18.CSV,4x_DAPI_28609_1.2019.09.25.16.00.18.CSV,28609,Day0,,A2780ip2,2,2,20190916
I - 4,Summary,951,,I,4,\\CTCRFile1.ad.tamhsc.edu\CTCR-Stor1$\MDA_KatelynFosterHandley_AnilSood\screen\raw data\run2\4x_DAPI\4x_DAPI_28609_1\4x_DAPI_28609_1.2019.09.25.16.00.18.CSV,4x_DAPI_28609_1.2019.09.25.16.00.18.CSV,28609,Day0,,A2780ip2,2,2,20190916
I - 5,Summary,915,,I,5,\\CTCRFile1.ad.tamhsc.edu\CTCR-Stor1$\MDA_KatelynFosterHandley_AnilSood\screen\raw data\run2\4x_DAPI\4x_DAPI_28609_1\4x_DAPI_28609_1.2019.09.25.16.00.18.CSV,4x_DAPI_28609_1.2019.09.25.16.00.18.CSV,28609,Day0,,A2780ip2,2,2,20190916
I - 6,Summary,913,,I,6,\\CTCRFile1.ad.tamhsc.edu\CTCR-Stor1$\MDA_KatelynFosterHandley_AnilSood\screen\raw data\run2\4x_DAPI\4x_DAPI_28609_1\4x_DAPI_28609_1.2019.09.25.16.00.18.CSV,4x_DAPI_28609_1.2019.09.25.16.00.18.CSV,28609,Day0,,A2780ip2,2,2,20190916
I - 7,Summary,856,,I,7,\\CTCRFile1.ad.tamhsc.edu\CTCR-Stor1$\MDA_KatelynFosterHandley_AnilSood\screen\raw data\run2\4x_DAPI\4x_DAPI_28609_1\4x_DAPI_28609_1.2019.09.25.16.00.18.CSV,4x_DAPI_28609_1.2019.09.25.16.00.18.CSV,28609,Day0,,A2780ip2,2,2,20190916
I - 8,Summary,860,,I,8,\\CTCRFile1.ad.tamhsc.edu\CTCR-Stor1$\MDA_KatelynFosterHandley_AnilSood\screen\raw data\run2\4x_DAPI\4x_DAPI_28609_1\4x_DAPI_28609_1.2019.09.25.16.00.18.CSV,4x_DAPI_28609_1.2019.09.25.16.00.18.CSV,28609,Day0,,A2780ip2,2,2,20190916
I - 9,Summary,883,,I,9,\\CTCRFile1.ad.tamhsc.edu\CTCR-Stor1$\MDA_KatelynFosterHandley_AnilSood\screen\raw data\run2\4x_DAPI\4x_DAPI_28609_1\4x_DAPI_28609_1.2019.09.25.16.00.18.CSV,4x_DAPI_28609_1.2019.09.25.16.00.18.CSV,28609,Day0,,A2780ip2,2,2,20190916
I - 10,Summary,925,,I,10,\\CTCRFile1.ad.tamhsc.edu\CTCR-Stor1$\MDA_KatelynFosterHandley_AnilSood\screen\raw data\run2\4x_DAPI\4x_DAPI_28609_1\4x_DAPI_28609_1.2019.09.25.16.00.18.CSV,4x_DAPI_28609_1.2019.09.25.16.00.18.CSV,28609,Day0,,A2780ip2,2,2,20190916
I - 11,Summary,952,,I,11,\\CTCRFile1.ad.tamhsc.edu\CTCR-Stor1$\MDA_KatelynFosterHandley_AnilSood\screen\raw data\run2\4x_DAPI\4x_DAPI_28609_1\4x_DAPI_28609_1.2019.09.25.16.00.18.CSV,4x_DAPI_28609_1.2019.09.25.16.00.18.CSV,28609,Day0,,A2780ip2,2,2,20190916
I - 12,Summary,878,,I,12,\\CTCRFile1.ad.tamhsc.edu\CTCR-Stor1$\MDA_KatelynFosterHandley_AnilSood\screen\raw data\run2\4x_DAPI\4x_DAPI_28609_1\4x_DAPI_28609_1.2019.09.25.16.00.18.CSV,4x_DAPI_28609_1.2019.09.25.16.00.18.CSV,28609,Day0,,A2780ip2,2,2,20190916
I - 13,Summary,832,,I,13,\\CTCRFile1.ad.tamhsc.edu\CTCR-Stor1$\MDA_KatelynFosterHandley_AnilSood\screen\raw data\run2\4x_DAPI\4x_DAPI_28609_1\4x_DAPI_28609_1.2019.09.25.16.00.18.CSV,4x_DAPI_28609_1.2019.09.25.16.00.18.CSV,28609,Day0,,A2780ip2,2,2,20190916
I - 14,Summary,859,,I,14,\\CTCRFile1.ad.tamhsc.edu\CTCR-Stor1$\MDA_KatelynFosterHandley_AnilSood\screen\raw data\run2\4x_DAPI\4x_DAPI_28609_1\4x_DAPI_28609_1.2019.09.25.16.00.18.CSV,4x_DAPI_28609_1.2019.09.25.16.00.18.CSV,28609,Day0,,A2780ip2,2,2,20190916
I - 15,Summary,853,,I,15,\\CTCRFile1.ad.tamhsc.edu\CTCR-Stor1$\MDA_KatelynFosterHandley_AnilSood\screen\raw data\run2\4x_DAPI\4x_DAPI_28609_1\4x_DAPI_28609_1.2019.09.25.16.00.18.CSV,4x_DAPI_28609_1.2019.09.25.16.00.18.CSV,28609,Day0,,A2780ip2,2,2,20190916
I - 16,Summary,839,,I,16,\\CTCRFile1.ad.tamhsc.edu\CTCR-Stor1$\MDA_KatelynFosterHandley_AnilSood\screen\raw data\run2\4x_DAPI\4x_DAPI_28609_1\4x_DAPI_28609_1.2019.09.25.16.00.18.CSV,4x_DAPI_28609_1.2019.09.25.16.00.18.CSV,28609,Day0,,A2780ip2,2,2,20190916
I - 17,Summary,805,,I,17,\\CTCRFile1.ad.tamhsc.edu\CTCR-Stor1$\MDA_KatelynFosterHandley_AnilSood\screen\raw data\run2\4x_DAPI\4x_DAPI_28609_1\4x_DAPI_28609_1.2019.09.25.16.00.18.CSV,4x_DAPI_28609_1.2019.09.25.16.00.18.CSV,28609,Day0,,A2780ip2,2,2,20190916
I - 18,Summary,890,,I,18,\\CTCRFile1.ad.tamhsc.edu\CTCR-Stor1$\MDA_KatelynFosterHandley_AnilSood\screen\raw data\run2\4x_DAPI\4x_DAPI_28609_1\4x_DAPI_28609_1.2019.09.25.16.00.18.CSV,4x_DAPI_28609_1.2019.09.25.16.00.18.CSV,28609,Day0,,A2780ip2,2,2,20190916
I - 19,Summary,865,,I,19,\\CTCRFile1.ad.tamhsc.edu\CTCR-Stor1$\MDA_KatelynFosterHandley_AnilSood\screen\raw data\run2\4x_DAPI\4x_DAPI_28609_1\4x_DAPI_28609_1.2019.09.25.16.00.18.CSV,4x_DAPI_28609_1.2019.09.25.16.00.18.CSV,28609,Day0,,A2780ip2,2,2,20190916
I - 20,Summary,919,,I,20,\\CTCRFile1.ad.tamhsc.edu\CTCR-Stor1$\MDA_KatelynFosterHandley_AnilSood\screen\raw data\run2\4x_DAPI\4x_DAPI_28609_1\4x_DAPI_28609_1.2019.09.25.16.00.18.CSV,4x_DAPI_28609_1.2019.09.25.16.00.18.CSV,28609,Day0,,A2780ip2,2,2,20190916
I - 21,Summary,950,,I,21,\\CTCRFile1.ad.tamhsc.edu\CTCR-Stor1$\MDA_KatelynFosterHandley_AnilSood\screen\raw data\run2\4x_DAPI\4x_DAPI_28609_1\4x_DAPI_28609_1.2019.09.25.16.00.18.CSV,4x_DAPI_28609_1.2019.09.25.16.00.18.CSV,28609,Day0,,A2780ip2,2,2,20190916
I - 22,Summary,982,,I,22,\\CTCRFile1.ad.tamhsc.edu\CTCR-Stor1$\MDA_KatelynFosterHandley_AnilSood\screen\raw data\run2\4x_DAPI\4x_DAPI_28609_1\4x_DAPI_28609_1.2019.09.25.16.00.18.CSV,4x_DAPI_28609_1.2019.09.25.16.00.18.CSV,28609,Day0,,A2780ip2,2,2,20190916
I - 23,Summary,935,,I,23,\\CTCRFile1.ad.tamhsc.edu\CTCR-Stor1$\MDA_KatelynFosterHandley_AnilSood\screen\raw data\run2\4x_DAPI\4x_DAPI_28609_1\4x_DAPI_28609_1.2019.09.25.16.00.18.CSV,4x_DAPI_28609_1.2019.09.25.16.00.18.CSV,28609,Day0,,A2780ip2,2,2,20190916
I - 24,Summary,853,,I,24,\\CTCRFile1.ad.tamhsc.edu\CTCR-Stor1$\MDA_KatelynFosterHandley_AnilSood\screen\raw data\run2\4x_DAPI\4x_DAPI_28609_1\4x_DAPI_28609_1.2019.09.25.16.00.18.CSV,4x_DAPI_28609_1.2019.09.25.16.00.18.CSV,28609,Day0,,A2780ip2,2,2,20190916
J - 1,Summary,901,,J,1,\\CTCRFile1.ad.tamhsc.edu\CTCR-Stor1$\MDA_KatelynFosterHandley_AnilSood\screen\raw data\run2\4x_DAPI\4x_DAPI_28609_1\4x_DAPI_28609_1.2019.09.25.16.00.18.CSV,4x_DAPI_28609_1.2019.09.25.16.00.18.CSV,28609,Day0,,A2780ip2,2,2,20190916
J - 2,Summary,780,,J,2,\\CTCRFile1.ad.tamhsc.edu\CTCR-Stor1$\MDA_KatelynFosterHandley_AnilSood\screen\raw data\run2\4x_DAPI\4x_DAPI_28609_1\4x_DAPI_28609_1.2019.09.25.16.00.18.CSV,4x_DAPI_28609_1.2019.09.25.16.00.18.CSV,28609,Day0,,A2780ip2,2,2,20190916
J - 3,Summary,803,,J,3,\\CTCRFile1.ad.tamhsc.edu\CTCR-Stor1$\MDA_KatelynFosterHandley_AnilSood\screen\raw data\run2\4x_DAPI\4x_DAPI_28609_1\4x_DAPI_28609_1.2019.09.25.16.00.18.CSV,4x_DAPI_28609_1.2019.09.25.16.00.18.CSV,28609,Day0,,A2780ip2,2,2,20190916
J - 4,Summary,920,,J,4,\\CTCRFile1.ad.tamhsc.edu\CTCR-Stor1$\MDA_KatelynFosterHandley_AnilSood\screen\raw data\run2\4x_DAPI\4x_DAPI_28609_1\4x_DAPI_28609_1.2019.09.25.16.00.18.CSV,4x_DAPI_28609_1.2019.09.25.16.00.18.CSV,28609,Day0,,A2780ip2,2,2,20190916
J - 5,Summary,851,,J,5,\\CTCRFile1.ad.tamhsc.edu\CTCR-Stor1$\MDA_KatelynFosterHandley_AnilSood\screen\raw data\run2\4x_DAPI\4x_DAPI_28609_1\4x_DAPI_28609_1.2019.09.25.16.00.18.CSV,4x_DAPI_28609_1.2019.09.25.16.00.18.CSV,28609,Day0,,A2780ip2,2,2,20190916
J - 6,Summary,1010,,J,6,\\CTCRFile1.ad.tamhsc.edu\CTCR-Stor1$\MDA_KatelynFosterHandley_AnilSood\screen\raw data\run2\4x_DAPI\4x_DAPI_28609_1\4x_DAPI_28609_1.2019.09.25.16.00.18.CSV,4x_DAPI_28609_1.2019.09.25.16.00.18.CSV,28609,Day0,,A2780ip2,2,2,20190916
J - 7,Summary,874,,J,7,\\CTCRFile1.ad.tamhsc.edu\CTCR-Stor1$\MDA_KatelynFosterHandley_AnilSood\screen\raw data\run2\4x_DAPI\4x_DAPI_28609_1\4x_DAPI_28609_1.2019.09.25.16.00.18.CSV,4x_DAPI_28609_1.2019.09.25.16.00.18.CSV,28609,Day0,,A2780ip2,2,2,20190916
J - 8,Summary,907,,J,8,\\CTCRFile1.ad.tamhsc.edu\CTCR-Stor1$\MDA_KatelynFosterHandley_AnilSood\screen\raw data\run2\4x_DAPI\4x_DAPI_28609_1\4x_DAPI_28609_1.2019.09.25.16.00.18.CSV,4x_DAPI_28609_1.2019.09.25.16.00.18.CSV,28609,Day0,,A2780ip2,2,2,20190916
J - 9,Summary,814,,J,9,\\CTCRFile1.ad.tamhsc.edu\CTCR-Stor1$\MDA_KatelynFosterHandley_AnilSood\screen\raw data\run2\4x_DAPI\4x_DAPI_28609_1\4x_DAPI_28609_1.2019.09.25.16.00.18.CSV,4x_DAPI_28609_1.2019.09.25.16.00.18.CSV,28609,Day0,,A2780ip2,2,2,20190916
J - 10,Summary,911,,J,10,\\CTCRFile1.ad.tamhsc.edu\CTCR-Stor1$\MDA_KatelynFosterHandley_AnilSood\screen\raw data\run2\4x_DAPI\4x_DAPI_28609_1\4x_DAPI_28609_1.2019.09.25.16.00.18.CSV,4x_DAPI_28609_1.2019.09.25.16.00.18.CSV,28609,Day0,,A2780ip2,2,2,20190916
J - 11,Summary,944,,J,11,\\CTCRFile1.ad.tamhsc.edu\CTCR-Stor1$\MDA_KatelynFosterHandley_AnilSood\screen\raw data\run2\4x_DAPI\4x_DAPI_28609_1\4x_DAPI_28609_1.2019.09.25.16.00.18.CSV,4x_DAPI_28609_1.2019.09.25.16.00.18.CSV,28609,Day0,,A2780ip2,2,2,20190916
J - 12,Summary,858,,J,12,\\CTCRFile1.ad.tamhsc.edu\CTCR-Stor1$\MDA_KatelynFosterHandley_AnilSood\screen\raw data\run2\4x_DAPI\4x_DAPI_28609_1\4x_DAPI_28609_1.2019.09.25.16.00.18.CSV,4x_DAPI_28609_1.2019.09.25.16.00.18.CSV,28609,Day0,,A2780ip2,2,2,20190916
J - 13,Summary,959,,J,13,\\CTCRFile1.ad.tamhsc.edu\CTCR-Stor1$\MDA_KatelynFosterHandley_AnilSood\screen\raw data\run2\4x_DAPI\4x_DAPI_28609_1\4x_DAPI_28609_1.2019.09.25.16.00.18.CSV,4x_DAPI_28609_1.2019.09.25.16.00.18.CSV,28609,Day0,,A2780ip2,2,2,20190916
J - 14,Summary,902,,J,14,\\CTCRFile1.ad.tamhsc.edu\CTCR-Stor1$\MDA_KatelynFosterHandley_AnilSood\screen\raw data\run2\4x_DAPI\4x_DAPI_28609_1\4x_DAPI_28609_1.2019.09.25.16.00.18.CSV,4x_DAPI_28609_1.2019.09.25.16.00.18.CSV,28609,Day0,,A2780ip2,2,2,20190916
J - 15,Summary,858,,J,15,\\CTCRFile1.ad.tamhsc.edu\CTCR-Stor1$\MDA_KatelynFosterHandley_AnilSood\screen\raw data\run2\4x_DAPI\4x_DAPI_28609_1\4x_DAPI_28609_1.2019.09.25.16.00.18.CSV,4x_DAPI_28609_1.2019.09.25.16.00.18.CSV,28609,Day0,,A2780ip2,2,2,20190916
J - 16,Summary,808,,J,16,\\CTCRFile1.ad.tamhsc.edu\CTCR-Stor1$\MDA_KatelynFosterHandley_AnilSood\screen\raw data\run2\4x_DAPI\4x_DAPI_28609_1\4x_DAPI_28609_1.2019.09.25.16.00.18.CSV,4x_DAPI_28609_1.2019.09.25.16.00.18.CSV,28609,Day0,,A2780ip2,2,2,20190916
J - 17,Summary,735,,J,17,\\CTCRFile1.ad.tamhsc.edu\CTCR-Stor1$\MDA_KatelynFosterHandley_AnilSood\screen\raw data\run2\4x_DAPI\4x_DAPI_28609_1\4x_DAPI_28609_1.2019.09.25.16.00.18.CSV,4x_DAPI_28609_1.2019.09.25.16.00.18.CSV,28609,Day0,,A2780ip2,2,2,20190916
J - 18,Summary,856,,J,18,\\CTCRFile1.ad.tamhsc.edu\CTCR-Stor1$\MDA_KatelynFosterHandley_AnilSood\screen\raw data\run2\4x_DAPI\4x_DAPI_28609_1\4x_DAPI_28609_1.2019.09.25.16.00.18.CSV,4x_DAPI_28609_1.2019.09.25.16.00.18.CSV,28609,Day0,,A2780ip2,2,2,20190916
J - 19,Summary,944,,J,19,\\CTCRFile1.ad.tamhsc.edu\CTCR-Stor1$\MDA_KatelynFosterHandley_AnilSood\screen\raw data\run2\4x_DAPI\4x_DAPI_28609_1\4x_DAPI_28609_1.2019.09.25.16.00.18.CSV,4x_DAPI_28609_1.2019.09.25.16.00.18.CSV,28609,Day0,,A2780ip2,2,2,20190916
J - 20,Summary,921,,J,20,\\CTCRFile1.ad.tamhsc.edu\CTCR-Stor1$\MDA_KatelynFosterHandley_AnilSood\screen\raw data\run2\4x_DAPI\4x_DAPI_28609_1\4x_DAPI_28609_1.2019.09.25.16.00.18.CSV,4x_DAPI_28609_1.2019.09.25.16.00.18.CSV,28609,Day0,,A2780ip2,2,2,20190916
J - 21,Summary,847,,J,21,\\CTCRFile1.ad.tamhsc.edu\CTCR-Stor1$\MDA_KatelynFosterHandley_AnilSood\screen\raw data\run2\4x_DAPI\4x_DAPI_28609_1\4x_DAPI_28609_1.2019.09.25.16.00.18.CSV,4x_DAPI_28609_1.2019.09.25.16.00.18.CSV,28609,Day0,,A2780ip2,2,2,20190916
J - 22,Summary,863,,J,22,\\CTCRFile1.ad.tamhsc.edu\CTCR-Stor1$\MDA_KatelynFosterHandley_AnilSood\screen\raw data\run2\4x_DAPI\4x_DAPI_28609_1\4x_DAPI_28609_1.2019.09.25.16.00.18.CSV,4x_DAPI_28609_1.2019.09.25.16.00.18.CSV,28609,Day0,,A2780ip2,2,2,20190916
J - 23,Summary,851,,J,23,\\CTCRFile1.ad.tamhsc.edu\CTCR-Stor1$\MDA_KatelynFosterHandley_AnilSood\screen\raw data\run2\4x_DAPI\4x_DAPI_28609_1\4x_DAPI_28609_1.2019.09.25.16.00.18.CSV,4x_DAPI_28609_1.2019.09.25.16.00.18.CSV,28609,Day0,,A2780ip2,2,2,20190916
J - 24,Summary,823,,J,24,\\CTCRFile1.ad.tamhsc.edu\CTCR-Stor1$\MDA_KatelynFosterHandley_AnilSood\screen\raw data\run2\4x_DAPI\4x_DAPI_28609_1\4x_DAPI_28609_1.2019.09.25.16.00.18.CSV,4x_DAPI_28609_1.2019.09.25.16.00.18.CSV,28609,Day0,,A2780ip2,2,2,20190916
K - 1,Summary,983,,K,1,\\CTCRFile1.ad.tamhsc.edu\CTCR-Stor1$\MDA_KatelynFosterHandley_AnilSood\screen\raw data\run2\4x_DAPI\4x_DAPI_28609_1\4x_DAPI_28609_1.2019.09.25.16.00.18.CSV,4x_DAPI_28609_1.2019.09.25.16.00.18.CSV,28609,Day0,,A2780ip2,2,2,20190916
K - 2,Summary,951,,K,2,\\CTCRFile1.ad.tamhsc.edu\CTCR-Stor1$\MDA_KatelynFosterHandley_AnilSood\screen\raw data\run2\4x_DAPI\4x_DAPI_28609_1\4x_DAPI_28609_1.2019.09.25.16.00.18.CSV,4x_DAPI_28609_1.2019.09.25.16.00.18.CSV,28609,Day0,,A2780ip2,2,2,20190916
K - 3,Summary,866,,K,3,\\CTCRFile1.ad.tamhsc.edu\CTCR-Stor1$\MDA_KatelynFosterHandley_AnilSood\screen\raw data\run2\4x_DAPI\4x_DAPI_28609_1\4x_DAPI_28609_1.2019.09.25.16.00.18.CSV,4x_DAPI_28609_1.2019.09.25.16.00.18.CSV,28609,Day0,,A2780ip2,2,2,20190916
K - 4,Summary,861,,K,4,\\CTCRFile1.ad.tamhsc.edu\CTCR-Stor1$\MDA_KatelynFosterHandley_AnilSood\screen\raw data\run2\4x_DAPI\4x_DAPI_28609_1\4x_DAPI_28609_1.2019.09.25.16.00.18.CSV,4x_DAPI_28609_1.2019.09.25.16.00.18.CSV,28609,Day0,,A2780ip2,2,2,20190916
K - 5,Summary,947,,K,5,\\CTCRFile1.ad.tamhsc.edu\CTCR-Stor1$\MDA_KatelynFosterHandley_AnilSood\screen\raw data\run2\4x_DAPI\4x_DAPI_28609_1\4x_DAPI_28609_1.2019.09.25.16.00.18.CSV,4x_DAPI_28609_1.2019.09.25.16.00.18.CSV,28609,Day0,,A2780ip2,2,2,20190916
K - 6,Summary,942,,K,6,\\CTCRFile1.ad.tamhsc.edu\CTCR-Stor1$\MDA_KatelynFosterHandley_AnilSood\screen\raw data\run2\4x_DAPI\4x_DAPI_28609_1\4x_DAPI_28609_1.2019.09.25.16.00.18.CSV,4x_DAPI_28609_1.2019.09.25.16.00.18.CSV,28609,Day0,,A2780ip2,2,2,20190916
K - 7,Summary,880,,K,7,\\CTCRFile1.ad.tamhsc.edu\CTCR-Stor1$\MDA_KatelynFosterHandley_AnilSood\screen\raw data\run2\4x_DAPI\4x_DAPI_28609_1\4x_DAPI_28609_1.2019.09.25.16.00.18.CSV,4x_DAPI_28609_1.2019.09.25.16.00.18.CSV,28609,Day0,,A2780ip2,2,2,20190916
K - 8,Summary,897,,K,8,\\CTCRFile1.ad.tamhsc.edu\CTCR-Stor1$\MDA_KatelynFosterHandley_AnilSood\screen\raw data\run2\4x_DAPI\4x_DAPI_28609_1\4x_DAPI_28609_1.2019.09.25.16.00.18.CSV,4x_DAPI_28609_1.2019.09.25.16.00.18.CSV,28609,Day0,,A2780ip2,2,2,20190916
K - 9,Summary,834,,K,9,\\CTCRFile1.ad.tamhsc.edu\CTCR-Stor1$\MDA_KatelynFosterHandley_AnilSood\screen\raw data\run2\4x_DAPI\4x_DAPI_28609_1\4x_DAPI_28609_1.2019.09.25.16.00.18.CSV,4x_DAPI_28609_1.2019.09.25.16.00.18.CSV,28609,Day0,,A2780ip2,2,2,20190916
K - 10,Summary,925,,K,10,\\CTCRFile1.ad.tamhsc.edu\CTCR-Stor1$\MDA_KatelynFosterHandley_AnilSood\screen\raw data\run2\4x_DAPI\4x_DAPI_28609_1\4x_DAPI_28609_1.2019.09.25.16.00.18.CSV,4x_DAPI_28609_1.2019.09.25.16.00.18.CSV,28609,Day0,,A2780ip2,2,2,20190916
K - 11,Summary,821,,K,11,\\CTCRFile1.ad.tamhsc.edu\CTCR-Stor1$\MDA_KatelynFosterHandley_AnilSood\screen\raw data\run2\4x_DAPI\4x_DAPI_28609_1\4x_DAPI_28609_1.2019.09.25.16.00.18.CSV,4x_DAPI_28609_1.2019.09.25.16.00.18.CSV,28609,Day0,,A2780ip2,2,2,20190916
K - 12,Summary,817,,K,12,\\CTCRFile1.ad.tamhsc.edu\CTCR-Stor1$\MDA_KatelynFosterHandley_AnilSood\screen\raw data\run2\4x_DAPI\4x_DAPI_28609_1\4x_DAPI_28609_1.2019.09.25.16.00.18.CSV,4x_DAPI_28609_1.2019.09.25.16.00.18.CSV,28609,Day0,,A2780ip2,2,2,20190916
K - 13,Summary,911,,K,13,\\CTCRFile1.ad.tamhsc.edu\CTCR-Stor1$\MDA_KatelynFosterHandley_AnilSood\screen\raw data\run2\4x_DAPI\4x_DAPI_28609_1\4x_DAPI_28609_1.2019.09.25.16.00.18.CSV,4x_DAPI_28609_1.2019.09.25.16.00.18.CSV,28609,Day0,,A2780ip2,2,2,20190916
K - 14,Summary,949,,K,14,\\CTCRFile1.ad.tamhsc.edu\CTCR-Stor1$\MDA_KatelynFosterHandley_AnilSood\screen\raw data\run2\4x_DAPI\4x_DAPI_28609_1\4x_DAPI_28609_1.2019.09.25.16.00.18.CSV,4x_DAPI_28609_1.2019.09.25.16.00.18.CSV,28609,Day0,,A2780ip2,2,2,20190916
K - 15,Summary,801,,K,15,\\CTCRFile1.ad.tamhsc.edu\CTCR-Stor1$\MDA_KatelynFosterHandley_AnilSood\screen\raw data\run2\4x_DAPI\4x_DAPI_28609_1\4x_DAPI_28609_1.2019.09.25.16.00.18.CSV,4x_DAPI_28609_1.2019.09.25.16.00.18.CSV,28609,Day0,,A2780ip2,2,2,20190916
K - 16,Summary,833,,K,16,\\CTCRFile1.ad.tamhsc.edu\CTCR-Stor1$\MDA_KatelynFosterHandley_AnilSood\screen\raw data\run2\4x_DAPI\4x_DAPI_28609_1\4x_DAPI_28609_1.2019.09.25.16.00.18.CSV,4x_DAPI_28609_1.2019.09.25.16.00.18.CSV,28609,Day0,,A2780ip2,2,2,20190916
K - 17,Summary,804,,K,17,\\CTCRFile1.ad.tamhsc.edu\CTCR-Stor1$\MDA_KatelynFosterHandley_AnilSood\screen\raw data\run2\4x_DAPI\4x_DAPI_28609_1\4x_DAPI_28609_1.2019.09.25.16.00.18.CSV,4x_DAPI_28609_1.2019.09.25.16.00.18.CSV,28609,Day0,,A2780ip2,2,2,20190916
K - 18,Summary,884,,K,18,\\CTCRFile1.ad.tamhsc.edu\CTCR-Stor1$\MDA_KatelynFosterHandley_AnilSood\screen\raw data\run2\4x_DAPI\4x_DAPI_28609_1\4x_DAPI_28609_1.2019.09.25.16.00.18.CSV,4x_DAPI_28609_1.2019.09.25.16.00.18.CSV,28609,Day0,,A2780ip2,2,2,20190916
K - 19,Summary,870,,K,19,\\CTCRFile1.ad.tamhsc.edu\CTCR-Stor1$\MDA_KatelynFosterHandley_AnilSood\screen\raw data\run2\4x_DAPI\4x_DAPI_28609_1\4x_DAPI_28609_1.2019.09.25.16.00.18.CSV,4x_DAPI_28609_1.2019.09.25.16.00.18.CSV,28609,Day0,,A2780ip2,2,2,20190916
K - 20,Summary,853,,K,20,\\CTCRFile1.ad.tamhsc.edu\CTCR-Stor1$\MDA_KatelynFosterHandley_AnilSood\screen\raw data\run2\4x_DAPI\4x_DAPI_28609_1\4x_DAPI_28609_1.2019.09.25.16.00.18.CSV,4x_DAPI_28609_1.2019.09.25.16.00.18.CSV,28609,Day0,,A2780ip2,2,2,20190916
K - 21,Summary,877,,K,21,\\CTCRFile1.ad.tamhsc.edu\CTCR-Stor1$\MDA_KatelynFosterHandley_AnilSood\screen\raw data\run2\4x_DAPI\4x_DAPI_28609_1\4x_DAPI_28609_1.2019.09.25.16.00.18.CSV,4x_DAPI_28609_1.2019.09.25.16.00.18.CSV,28609,Day0,,A2780ip2,2,2,20190916
K - 22,Summary,918,,K,22,\\CTCRFile1.ad.tamhsc.edu\CTCR-Stor1$\MDA_KatelynFosterHandley_AnilSood\screen\raw data\run2\4x_DAPI\4x_DAPI_28609_1\4x_DAPI_28609_1.2019.09.25.16.00.18.CSV,4x_DAPI_28609_1.2019.09.25.16.00.18.CSV,28609,Day0,,A2780ip2,2,2,20190916
K - 23,Summary,785,,K,23,\\CTCRFile1.ad.tamhsc.edu\CTCR-Stor1$\MDA_KatelynFosterHandley_AnilSood\screen\raw data\run2\4x_DAPI\4x_DAPI_28609_1\4x_DAPI_28609_1.2019.09.25.16.00.18.CSV,4x_DAPI_28609_1.2019.09.25.16.00.18.CSV,28609,Day0,,A2780ip2,2,2,20190916
K - 24,Summary,854,,K,24,\\CTCRFile1.ad.tamhsc.edu\CTCR-Stor1$\MDA_KatelynFosterHandley_AnilSood\screen\raw data\run2\4x_DAPI\4x_DAPI_28609_1\4x_DAPI_28609_1.2019.09.25.16.00.18.CSV,4x_DAPI_28609_1.2019.09.25.16.00.18.CSV,28609,Day0,,A2780ip2,2,2,20190916
L - 1,Summary,870,,L,1,\\CTCRFile1.ad.tamhsc.edu\CTCR-Stor1$\MDA_KatelynFosterHandley_AnilSood\screen\raw data\run2\4x_DAPI\4x_DAPI_28609_1\4x_DAPI_28609_1.2019.09.25.16.00.18.CSV,4x_DAPI_28609_1.2019.09.25.16.00.18.CSV,28609,Day0,,A2780ip2,2,2,20190916
L - 2,Summary,980,,L,2,\\CTCRFile1.ad.tamhsc.edu\CTCR-Stor1$\MDA_KatelynFosterHandley_AnilSood\screen\raw data\run2\4x_DAPI\4x_DAPI_28609_1\4x_DAPI_28609_1.2019.09.25.16.00.18.CSV,4x_DAPI_28609_1.2019.09.25.16.00.18.CSV,28609,Day0,,A2780ip2,2,2,20190916
L - 3,Summary,904,,L,3,\\CTCRFile1.ad.tamhsc.edu\CTCR-Stor1$\MDA_KatelynFosterHandley_AnilSood\screen\raw data\run2\4x_DAPI\4x_DAPI_28609_1\4x_DAPI_28609_1.2019.09.25.16.00.18.CSV,4x_DAPI_28609_1.2019.09.25.16.00.18.CSV,28609,Day0,,A2780ip2,2,2,20190916
L - 4,Summary,905,,L,4,\\CTCRFile1.ad.tamhsc.edu\CTCR-Stor1$\MDA_KatelynFosterHandley_AnilSood\screen\raw data\run2\4x_DAPI\4x_DAPI_28609_1\4x_DAPI_28609_1.2019.09.25.16.00.18.CSV,4x_DAPI_28609_1.2019.09.25.16.00.18.CSV,28609,Day0,,A2780ip2,2,2,20190916
L - 5,Summary,892,,L,5,\\CTCRFile1.ad.tamhsc.edu\CTCR-Stor1$\MDA_KatelynFosterHandley_AnilSood\screen\raw data\run2\4x_DAPI\4x_DAPI_28609_1\4x_DAPI_28609_1.2019.09.25.16.00.18.CSV,4x_DAPI_28609_1.2019.09.25.16.00.18.CSV,28609,Day0,,A2780ip2,2,2,20190916
L - 6,Summary,946,,L,6,\\CTCRFile1.ad.tamhsc.edu\CTCR-Stor1$\MDA_KatelynFosterHandley_AnilSood\screen\raw data\run2\4x_DAPI\4x_DAPI_28609_1\4x_DAPI_28609_1.2019.09.25.16.00.18.CSV,4x_DAPI_28609_1.2019.09.25.16.00.18.CSV,28609,Day0,,A2780ip2,2,2,20190916
L - 7,Summary,952,,L,7,\\CTCRFile1.ad.tamhsc.edu\CTCR-Stor1$\MDA_KatelynFosterHandley_AnilSood\screen\raw data\run2\4x_DAPI\4x_DAPI_28609_1\4x_DAPI_28609_1.2019.09.25.16.00.18.CSV,4x_DAPI_28609_1.2019.09.25.16.00.18.CSV,28609,Day0,,A2780ip2,2,2,20190916
L - 8,Summary,918,,L,8,\\CTCRFile1.ad.tamhsc.edu\CTCR-Stor1$\MDA_KatelynFosterHandley_AnilSood\screen\raw data\run2\4x_DAPI\4x_DAPI_28609_1\4x_DAPI_28609_1.2019.09.25.16.00.18.CSV,4x_DAPI_28609_1.2019.09.25.16.00.18.CSV,28609,Day0,,A2780ip2,2,2,20190916
L - 9,Summary,916,,L,9,\\CTCRFile1.ad.tamhsc.edu\CTCR-Stor1$\MDA_KatelynFosterHandley_AnilSood\screen\raw data\run2\4x_DAPI\4x_DAPI_28609_1\4x_DAPI_28609_1.2019.09.25.16.00.18.CSV,4x_DAPI_28609_1.2019.09.25.16.00.18.CSV,28609,Day0,,A2780ip2,2,2,20190916
L - 10,Summary,811,,L,10,\\CTCRFile1.ad.tamhsc.edu\CTCR-Stor1$\MDA_KatelynFosterHandley_AnilSood\screen\raw data\run2\4x_DAPI\4x_DAPI_28609_1\4x_DAPI_28609_1.2019.09.25.16.00.18.CSV,4x_DAPI_28609_1.2019.09.25.16.00.18.CSV,28609,Day0,,A2780ip2,2,2,20190916
L - 11,Summary,962,,L,11,\\CTCRFile1.ad.tamhsc.edu\CTCR-Stor1$\MDA_KatelynFosterHandley_AnilSood\screen\raw data\run2\4x_DAPI\4x_DAPI_28609_1\4x_DAPI_28609_1.2019.09.25.16.00.18.CSV,4x_DAPI_28609_1.2019.09.25.16.00.18.CSV,28609,Day0,,A2780ip2,2,2,20190916
L - 12,Summary,840,,L,12,\\CTCRFile1.ad.tamhsc.edu\CTCR-Stor1$\MDA_KatelynFosterHandley_AnilSood\screen\raw data\run2\4x_DAPI\4x_DAPI_28609_1\4x_DAPI_28609_1.2019.09.25.16.00.18.CSV,4x_DAPI_28609_1.2019.09.25.16.00.18.CSV,28609,Day0,,A2780ip2,2,2,20190916
L - 13,Summary,862,,L,13,\\CTCRFile1.ad.tamhsc.edu\CTCR-Stor1$\MDA_KatelynFosterHandley_AnilSood\screen\raw data\run2\4x_DAPI\4x_DAPI_28609_1\4x_DAPI_28609_1.2019.09.25.16.00.18.CSV,4x_DAPI_28609_1.2019.09.25.16.00.18.CSV,28609,Day0,,A2780ip2,2,2,20190916
L - 14,Summary,881,,L,14,\\CTCRFile1.ad.tamhsc.edu\CTCR-Stor1$\MDA_KatelynFosterHandley_AnilSood\screen\raw data\run2\4x_DAPI\4x_DAPI_28609_1\4x_DAPI_28609_1.2019.09.25.16.00.18.CSV,4x_DAPI_28609_1.2019.09.25.16.00.18.CSV,28609,Day0,,A2780ip2,2,2,20190916
L - 15,Summary,825,,L,15,\\CTCRFile1.ad.tamhsc.edu\CTCR-Stor1$\MDA_KatelynFosterHandley_AnilSood\screen\raw data\run2\4x_DAPI\4x_DAPI_28609_1\4x_DAPI_28609_1.2019.09.25.16.00.18.CSV,4x_DAPI_28609_1.2019.09.25.16.00.18.CSV,28609,Day0,,A2780ip2,2,2,20190916
L - 16,Summary,836,,L,16,\\CTCRFile1.ad.tamhsc.edu\CTCR-Stor1$\MDA_KatelynFosterHandley_AnilSood\screen\raw data\run2\4x_DAPI\4x_DAPI_28609_1\4x_DAPI_28609_1.2019.09.25.16.00.18.CSV,4x_DAPI_28609_1.2019.09.25.16.00.18.CSV,28609,Day0,,A2780ip2,2,2,20190916
L - 17,Summary,890,,L,17,\\CTCRFile1.ad.tamhsc.edu\CTCR-Stor1$\MDA_KatelynFosterHandley_AnilSood\screen\raw data\run2\4x_DAPI\4x_DAPI_28609_1\4x_DAPI_28609_1.2019.09.25.16.00.18.CSV,4x_DAPI_28609_1.2019.09.25.16.00.18.CSV,28609,Day0,,A2780ip2,2,2,20190916
L - 18,Summary,819,,L,18,\\CTCRFile1.ad.tamhsc.edu\CTCR-Stor1$\MDA_KatelynFosterHandley_AnilSood\screen\raw data\run2\4x_DAPI\4x_DAPI_28609_1\4x_DAPI_28609_1.2019.09.25.16.00.18.CSV,4x_DAPI_28609_1.2019.09.25.16.00.18.CSV,28609,Day0,,A2780ip2,2,2,20190916
L - 19,Summary,896,,L,19,\\CTCRFile1.ad.tamhsc.edu\CTCR-Stor1$\MDA_KatelynFosterHandley_AnilSood\screen\raw data\run2\4x_DAPI\4x_DAPI_28609_1\4x_DAPI_28609_1.2019.09.25.16.00.18.CSV,4x_DAPI_28609_1.2019.09.25.16.00.18.CSV,28609,Day0,,A2780ip2,2,2,20190916
L - 20,Summary,900,,L,20,\\CTCRFile1.ad.tamhsc.edu\CTCR-Stor1$\MDA_KatelynFosterHandley_AnilSood\screen\raw data\run2\4x_DAPI\4x_DAPI_28609_1\4x_DAPI_28609_1.2019.09.25.16.00.18.CSV,4x_DAPI_28609_1.2019.09.25.16.00.18.CSV,28609,Day0,,A2780ip2,2,2,20190916
L - 21,Summary,868,,L,21,\\CTCRFile1.ad.tamhsc.edu\CTCR-Stor1$\MDA_KatelynFosterHandley_AnilSood\screen\raw data\run2\4x_DAPI\4x_DAPI_28609_1\4x_DAPI_28609_1.2019.09.25.16.00.18.CSV,4x_DAPI_28609_1.2019.09.25.16.00.18.CSV,28609,Day0,,A2780ip2,2,2,20190916
L - 22,Summary,811,,L,22,\\CTCRFile1.ad.tamhsc.edu\CTCR-Stor1$\MDA_KatelynFosterHandley_AnilSood\screen\raw data\run2\4x_DAPI\4x_DAPI_28609_1\4x_DAPI_28609_1.2019.09.25.16.00.18.CSV,4x_DAPI_28609_1.2019.09.25.16.00.18.CSV,28609,Day0,,A2780ip2,2,2,20190916
L - 23,Summary,890,,L,23,\\CTCRFile1.ad.tamhsc.edu\CTCR-Stor1$\MDA_KatelynFosterHandley_AnilSood\screen\raw data\run2\4x_DAPI\4x_DAPI_28609_1\4x_DAPI_28609_1.2019.09.25.16.00.18.CSV,4x_DAPI_28609_1.2019.09.25.16.00.18.CSV,28609,Day0,,A2780ip2,2,2,20190916
L - 24,Summary,782,,L,24,\\CTCRFile1.ad.tamhsc.edu\CTCR-Stor1$\MDA_KatelynFosterHandley_AnilSood\screen\raw data\run2\4x_DAPI\4x_DAPI_28609_1\4x_DAPI_28609_1.2019.09.25.16.00.18.CSV,4x_DAPI_28609_1.2019.09.25.16.00.18.CSV,28609,Day0,,A2780ip2,2,2,20190916
M - 1,Summary,1019,,M,1,\\CTCRFile1.ad.tamhsc.edu\CTCR-Stor1$\MDA_KatelynFosterHandley_AnilSood\screen\raw data\run2\4x_DAPI\4x_DAPI_28609_1\4x_DAPI_28609_1.2019.09.25.16.00.18.CSV,4x_DAPI_28609_1.2019.09.25.16.00.18.CSV,28609,Day0,,A2780ip2,2,2,20190916
M - 2,Summary,936,,M,2,\\CTCRFile1.ad.tamhsc.edu\CTCR-Stor1$\MDA_KatelynFosterHandley_AnilSood\screen\raw data\run2\4x_DAPI\4x_DAPI_28609_1\4x_DAPI_28609_1.2019.09.25.16.00.18.CSV,4x_DAPI_28609_1.2019.09.25.16.00.18.CSV,28609,Day0,,A2780ip2,2,2,20190916
M - 3,Summary,922,,M,3,\\CTCRFile1.ad.tamhsc.edu\CTCR-Stor1$\MDA_KatelynFosterHandley_AnilSood\screen\raw data\run2\4x_DAPI\4x_DAPI_28609_1\4x_DAPI_28609_1.2019.09.25.16.00.18.CSV,4x_DAPI_28609_1.2019.09.25.16.00.18.CSV,28609,Day0,,A2780ip2,2,2,20190916
M - 4,Summary,862,,M,4,\\CTCRFile1.ad.tamhsc.edu\CTCR-Stor1$\MDA_KatelynFosterHandley_AnilSood\screen\raw data\run2\4x_DAPI\4x_DAPI_28609_1\4x_DAPI_28609_1.2019.09.25.16.00.18.CSV,4x_DAPI_28609_1.2019.09.25.16.00.18.CSV,28609,Day0,,A2780ip2,2,2,20190916
M - 5,Summary,980,,M,5,\\CTCRFile1.ad.tamhsc.edu\CTCR-Stor1$\MDA_KatelynFosterHandley_AnilSood\screen\raw data\run2\4x_DAPI\4x_DAPI_28609_1\4x_DAPI_28609_1.2019.09.25.16.00.18.CSV,4x_DAPI_28609_1.2019.09.25.16.00.18.CSV,28609,Day0,,A2780ip2,2,2,20190916
M - 6,Summary,898,,M,6,\\CTCRFile1.ad.tamhsc.edu\CTCR-Stor1$\MDA_KatelynFosterHandley_AnilSood\screen\raw data\run2\4x_DAPI\4x_DAPI_28609_1\4x_DAPI_28609_1.2019.09.25.16.00.18.CSV,4x_DAPI_28609_1.2019.09.25.16.00.18.CSV,28609,Day0,,A2780ip2,2,2,20190916
M - 7,Summary,935,,M,7,\\CTCRFile1.ad.tamhsc.edu\CTCR-Stor1$\MDA_KatelynFosterHandley_AnilSood\screen\raw data\run2\4x_DAPI\4x_DAPI_28609_1\4x_DAPI_28609_1.2019.09.25.16.00.18.CSV,4x_DAPI_28609_1.2019.09.25.16.00.18.CSV,28609,Day0,,A2780ip2,2,2,20190916
M - 8,Summary,840,,M,8,\\CTCRFile1.ad.tamhsc.edu\CTCR-Stor1$\MDA_KatelynFosterHandley_AnilSood\screen\raw data\run2\4x_DAPI\4x_DAPI_28609_1\4x_DAPI_28609_1.2019.09.25.16.00.18.CSV,4x_DAPI_28609_1.2019.09.25.16.00.18.CSV,28609,Day0,,A2780ip2,2,2,20190916
M - 9,Summary,847,,M,9,\\CTCRFile1.ad.tamhsc.edu\CTCR-Stor1$\MDA_KatelynFosterHandley_AnilSood\screen\raw data\run2\4x_DAPI\4x_DAPI_28609_1\4x_DAPI_28609_1.2019.09.25.16.00.18.CSV,4x_DAPI_28609_1.2019.09.25.16.00.18.CSV,28609,Day0,,A2780ip2,2,2,20190916
M - 10,Summary,835,,M,10,\\CTCRFile1.ad.tamhsc.edu\CTCR-Stor1$\MDA_KatelynFosterHandley_AnilSood\screen\raw data\run2\4x_DAPI\4x_DAPI_28609_1\4x_DAPI_28609_1.2019.09.25.16.00.18.CSV,4x_DAPI_28609_1.2019.09.25.16.00.18.CSV,28609,Day0,,A2780ip2,2,2,20190916
M - 11,Summary,905,,M,11,\\CTCRFile1.ad.tamhsc.edu\CTCR-Stor1$\MDA_KatelynFosterHandley_AnilSood\screen\raw data\run2\4x_DAPI\4x_DAPI_28609_1\4x_DAPI_28609_1.2019.09.25.16.00.18.CSV,4x_DAPI_28609_1.2019.09.25.16.00.18.CSV,28609,Day0,,A2780ip2,2,2,20190916
M - 12,Summary,934,,M,12,\\CTCRFile1.ad.tamhsc.edu\CTCR-Stor1$\MDA_KatelynFosterHandley_AnilSood\screen\raw data\run2\4x_DAPI\4x_DAPI_28609_1\4x_DAPI_28609_1.2019.09.25.16.00.18.CSV,4x_DAPI_28609_1.2019.09.25.16.00.18.CSV,28609,Day0,,A2780ip2,2,2,20190916
M - 13,Summary,874,,M,13,\\CTCRFile1.ad.tamhsc.edu\CTCR-Stor1$\MDA_KatelynFosterHandley_AnilSood\screen\raw data\run2\4x_DAPI\4x_DAPI_28609_1\4x_DAPI_28609_1.2019.09.25.16.00.18.CSV,4x_DAPI_28609_1.2019.09.25.16.00.18.CSV,28609,Day0,,A2780ip2,2,2,20190916
M - 14,Summary,884,,M,14,\\CTCRFile1.ad.tamhsc.edu\CTCR-Stor1$\MDA_KatelynFosterHandley_AnilSood\screen\raw data\run2\4x_DAPI\4x_DAPI_28609_1\4x_DAPI_28609_1.2019.09.25.16.00.18.CSV,4x_DAPI_28609_1.2019.09.25.16.00.18.CSV,28609,Day0,,A2780ip2,2,2,20190916
M - 15,Summary,928,,M,15,\\CTCRFile1.ad.tamhsc.edu\CTCR-Stor1$\MDA_KatelynFosterHandley_AnilSood\screen\raw data\run2\4x_DAPI\4x_DAPI_28609_1\4x_DAPI_28609_1.2019.09.25.16.00.18.CSV,4x_DAPI_28609_1.2019.09.25.16.00.18.CSV,28609,Day0,,A2780ip2,2,2,20190916
M - 16,Summary,853,,M,16,\\CTCRFile1.ad.tamhsc.edu\CTCR-Stor1$\MDA_KatelynFosterHandley_AnilSood\screen\raw data\run2\4x_DAPI\4x_DAPI_28609_1\4x_DAPI_28609_1.2019.09.25.16.00.18.CSV,4x_DAPI_28609_1.2019.09.25.16.00.18.CSV,28609,Day0,,A2780ip2,2,2,20190916
M - 17,Summary,892,,M,17,\\CTCRFile1.ad.tamhsc.edu\CTCR-Stor1$\MDA_KatelynFosterHandley_AnilSood\screen\raw data\run2\4x_DAPI\4x_DAPI_28609_1\4x_DAPI_28609_1.2019.09.25.16.00.18.CSV,4x_DAPI_28609_1.2019.09.25.16.00.18.CSV,28609,Day0,,A2780ip2,2,2,20190916
M - 18,Summary,870,,M,18,\\CTCRFile1.ad.tamhsc.edu\CTCR-Stor1$\MDA_KatelynFosterHandley_AnilSood\screen\raw data\run2\4x_DAPI\4x_DAPI_28609_1\4x_DAPI_28609_1.2019.09.25.16.00.18.CSV,4x_DAPI_28609_1.2019.09.25.16.00.18.CSV,28609,Day0,,A2780ip2,2,2,20190916
M - 19,Summary,922,,M,19,\\CTCRFile1.ad.tamhsc.edu\CTCR-Stor1$\MDA_KatelynFosterHandley_AnilSood\screen\raw data\run2\4x_DAPI\4x_DAPI_28609_1\4x_DAPI_28609_1.2019.09.25.16.00.18.CSV,4x_DAPI_28609_1.2019.09.25.16.00.18.CSV,28609,Day0,,A2780ip2,2,2,20190916
M - 20,Summary,855,,M,20,\\CTCRFile1.ad.tamhsc.edu\CTCR-Stor1$\MDA_KatelynFosterHandley_AnilSood\screen\raw data\run2\4x_DAPI\4x_DAPI_28609_1\4x_DAPI_28609_1.2019.09.25.16.00.18.CSV,4x_DAPI_28609_1.2019.09.25.16.00.18.CSV,28609,Day0,,A2780ip2,2,2,20190916
M - 21,Summary,935,,M,21,\\CTCRFile1.ad.tamhsc.edu\CTCR-Stor1$\MDA_KatelynFosterHandley_AnilSood\screen\raw data\run2\4x_DAPI\4x_DAPI_28609_1\4x_DAPI_28609_1.2019.09.25.16.00.18.CSV,4x_DAPI_28609_1.2019.09.25.16.00.18.CSV,28609,Day0,,A2780ip2,2,2,20190916
M - 22,Summary,866,,M,22,\\CTCRFile1.ad.tamhsc.edu\CTCR-Stor1$\MDA_KatelynFosterHandley_AnilSood\screen\raw data\run2\4x_DAPI\4x_DAPI_28609_1\4x_DAPI_28609_1.2019.09.25.16.00.18.CSV,4x_DAPI_28609_1.2019.09.25.16.00.18.CSV,28609,Day0,,A2780ip2,2,2,20190916
M - 23,Summary,872,,M,23,\\CTCRFile1.ad.tamhsc.edu\CTCR-Stor1$\MDA_KatelynFosterHandley_AnilSood\screen\raw data\run2\4x_DAPI\4x_DAPI_28609_1\4x_DAPI_28609_1.2019.09.25.16.00.18.CSV,4x_DAPI_28609_1.2019.09.25.16.00.18.CSV,28609,Day0,,A2780ip2,2,2,20190916
M - 24,Summary,888,,M,24,\\CTCRFile1.ad.tamhsc.edu\CTCR-Stor1$\MDA_KatelynFosterHandley_AnilSood\screen\raw data\run2\4x_DAPI\4x_DAPI_28609_1\4x_DAPI_28609_1.2019.09.25.16.00.18.CSV,4x_DAPI_28609_1.2019.09.25.16.00.18.CSV,28609,Day0,,A2780ip2,2,2,20190916
N - 1,Summary,503,,N,1,\\CTCRFile1.ad.tamhsc.edu\CTCR-Stor1$\MDA_KatelynFosterHandley_AnilSood\screen\raw data\run2\4x_DAPI\4x_DAPI_28609_1\4x_DAPI_28609_1.2019.09.25.16.00.18.CSV,4x_DAPI_28609_1.2019.09.25.16.00.18.CSV,28609,Day0,,A2780ip2,2,2,20190916
N - 2,Summary,936,,N,2,\\CTCRFile1.ad.tamhsc.edu\CTCR-Stor1$\MDA_KatelynFosterHandley_AnilSood\screen\raw data\run2\4x_DAPI\4x_DAPI_28609_1\4x_DAPI_28609_1.2019.09.25.16.00.18.CSV,4x_DAPI_28609_1.2019.09.25.16.00.18.CSV,28609,Day0,,A2780ip2,2,2,20190916
N - 3,Summary,805,,N,3,\\CTCRFile1.ad.tamhsc.edu\CTCR-Stor1$\MDA_KatelynFosterHandley_AnilSood\screen\raw data\run2\4x_DAPI\4x_DAPI_28609_1\4x_DAPI_28609_1.2019.09.25.16.00.18.CSV,4x_DAPI_28609_1.2019.09.25.16.00.18.CSV,28609,Day0,,A2780ip2,2,2,20190916
N - 4,Summary,804,,N,4,\\CTCRFile1.ad.tamhsc.edu\CTCR-Stor1$\MDA_KatelynFosterHandley_AnilSood\screen\raw data\run2\4x_DAPI\4x_DAPI_28609_1\4x_DAPI_28609_1.2019.09.25.16.00.18.CSV,4x_DAPI_28609_1.2019.09.25.16.00.18.CSV,28609,Day0,,A2780ip2,2,2,20190916
N - 5,Summary,876,,N,5,\\CTCRFile1.ad.tamhsc.edu\CTCR-Stor1$\MDA_KatelynFosterHandley_AnilSood\screen\raw data\run2\4x_DAPI\4x_DAPI_28609_1\4x_DAPI_28609_1.2019.09.25.16.00.18.CSV,4x_DAPI_28609_1.2019.09.25.16.00.18.CSV,28609,Day0,,A2780ip2,2,2,20190916
N - 6,Summary,904,,N,6,\\CTCRFile1.ad.tamhsc.edu\CTCR-Stor1$\MDA_KatelynFosterHandley_AnilSood\screen\raw data\run2\4x_DAPI\4x_DAPI_28609_1\4x_DAPI_28609_1.2019.09.25.16.00.18.CSV,4x_DAPI_28609_1.2019.09.25.16.00.18.CSV,28609,Day0,,A2780ip2,2,2,20190916
N - 7,Summary,877,,N,7,\\CTCRFile1.ad.tamhsc.edu\CTCR-Stor1$\MDA_KatelynFosterHandley_AnilSood\screen\raw data\run2\4x_DAPI\4x_DAPI_28609_1\4x_DAPI_28609_1.2019.09.25.16.00.18.CSV,4x_DAPI_28609_1.2019.09.25.16.00.18.CSV,28609,Day0,,A2780ip2,2,2,20190916
N - 8,Summary,887,,N,8,\\CTCRFile1.ad.tamhsc.edu\CTCR-Stor1$\MDA_KatelynFosterHandley_AnilSood\screen\raw data\run2\4x_DAPI\4x_DAPI_28609_1\4x_DAPI_28609_1.2019.09.25.16.00.18.CSV,4x_DAPI_28609_1.2019.09.25.16.00.18.CSV,28609,Day0,,A2780ip2,2,2,20190916
N - 9,Summary,883,,N,9,\\CTCRFile1.ad.tamhsc.edu\CTCR-Stor1$\MDA_KatelynFosterHandley_AnilSood\screen\raw data\run2\4x_DAPI\4x_DAPI_28609_1\4x_DAPI_28609_1.2019.09.25.16.00.18.CSV,4x_DAPI_28609_1.2019.09.25.16.00.18.CSV,28609,Day0,,A2780ip2,2,2,20190916
N - 10,Summary,823,,N,10,\\CTCRFile1.ad.tamhsc.edu\CTCR-Stor1$\MDA_KatelynFosterHandley_AnilSood\screen\raw data\run2\4x_DAPI\4x_DAPI_28609_1\4x_DAPI_28609_1.2019.09.25.16.00.18.CSV,4x_DAPI_28609_1.2019.09.25.16.00.18.CSV,28609,Day0,,A2780ip2,2,2,20190916
N - 11,Summary,878,,N,11,\\CTCRFile1.ad.tamhsc.edu\CTCR-Stor1$\MDA_KatelynFosterHandley_AnilSood\screen\raw data\run2\4x_DAPI\4x_DAPI_28609_1\4x_DAPI_28609_1.2019.09.25.16.00.18.CSV,4x_DAPI_28609_1.2019.09.25.16.00.18.CSV,28609,Day0,,A2780ip2,2,2,20190916
N - 12,Summary,876,,N,12,\\CTCRFile1.ad.tamhsc.edu\CTCR-Stor1$\MDA_KatelynFosterHandley_AnilSood\screen\raw data\run2\4x_DAPI\4x_DAPI_28609_1\4x_DAPI_28609_1.2019.09.25.16.00.18.CSV,4x_DAPI_28609_1.2019.09.25.16.00.18.CSV,28609,Day0,,A2780ip2,2,2,20190916
N - 13,Summary,941,,N,13,\\CTCRFile1.ad.tamhsc.edu\CTCR-Stor1$\MDA_KatelynFosterHandley_AnilSood\screen\raw data\run2\4x_DAPI\4x_DAPI_28609_1\4x_DAPI_28609_1.2019.09.25.16.00.18.CSV,4x_DAPI_28609_1.2019.09.25.16.00.18.CSV,28609,Day0,,A2780ip2,2,2,20190916
N - 14,Summary,958,,N,14,\\CTCRFile1.ad.tamhsc.edu\CTCR-Stor1$\MDA_KatelynFosterHandley_AnilSood\screen\raw data\run2\4x_DAPI\4x_DAPI_28609_1\4x_DAPI_28609_1.2019.09.25.16.00.18.CSV,4x_DAPI_28609_1.2019.09.25.16.00.18.CSV,28609,Day0,,A2780ip2,2,2,20190916
N - 15,Summary,944,,N,15,\\CTCRFile1.ad.tamhsc.edu\CTCR-Stor1$\MDA_KatelynFosterHandley_AnilSood\screen\raw data\run2\4x_DAPI\4x_DAPI_28609_1\4x_DAPI_28609_1.2019.09.25.16.00.18.CSV,4x_DAPI_28609_1.2019.09.25.16.00.18.CSV,28609,Day0,,A2780ip2,2,2,20190916
N - 16,Summary,822,,N,16,\\CTCRFile1.ad.tamhsc.edu\CTCR-Stor1$\MDA_KatelynFosterHandley_AnilSood\screen\raw data\run2\4x_DAPI\4x_DAPI_28609_1\4x_DAPI_28609_1.2019.09.25.16.00.18.CSV,4x_DAPI_28609_1.2019.09.25.16.00.18.CSV,28609,Day0,,A2780ip2,2,2,20190916
N - 17,Summary,861,,N,17,\\CTCRFile1.ad.tamhsc.edu\CTCR-Stor1$\MDA_KatelynFosterHandley_AnilSood\screen\raw data\run2\4x_DAPI\4x_DAPI_28609_1\4x_DAPI_28609_1.2019.09.25.16.00.18.CSV,4x_DAPI_28609_1.2019.09.25.16.00.18.CSV,28609,Day0,,A2780ip2,2,2,20190916
N - 18,Summary,897,,N,18,\\CTCRFile1.ad.tamhsc.edu\CTCR-Stor1$\MDA_KatelynFosterHandley_AnilSood\screen\raw data\run2\4x_DAPI\4x_DAPI_28609_1\4x_DAPI_28609_1.2019.09.25.16.00.18.CSV,4x_DAPI_28609_1.2019.09.25.16.00.18.CSV,28609,Day0,,A2780ip2,2,2,20190916
N - 19,Summary,839,,N,19,\\CTCRFile1.ad.tamhsc.edu\CTCR-Stor1$\MDA_KatelynFosterHandley_AnilSood\screen\raw data\run2\4x_DAPI\4x_DAPI_28609_1\4x_DAPI_28609_1.2019.09.25.16.00.18.CSV,4x_DAPI_28609_1.2019.09.25.16.00.18.CSV,28609,Day0,,A2780ip2,2,2,20190916
N - 20,Summary,854,,N,20,\\CTCRFile1.ad.tamhsc.edu\CTCR-Stor1$\MDA_KatelynFosterHandley_AnilSood\screen\raw data\run2\4x_DAPI\4x_DAPI_28609_1\4x_DAPI_28609_1.2019.09.25.16.00.18.CSV,4x_DAPI_28609_1.2019.09.25.16.00.18.CSV,28609,Day0,,A2780ip2,2,2,20190916
N - 21,Summary,1005,,N,21,\\CTCRFile1.ad.tamhsc.edu\CTCR-Stor1$\MDA_KatelynFosterHandley_AnilSood\screen\raw data\run2\4x_DAPI\4x_DAPI_28609_1\4x_DAPI_28609_1.2019.09.25.16.00.18.CSV,4x_DAPI_28609_1.2019.09.25.16.00.18.CSV,28609,Day0,,A2780ip2,2,2,20190916
N - 22,Summary,837,,N,22,\\CTCRFile1.ad.tamhsc.edu\CTCR-Stor1$\MDA_KatelynFosterHandley_AnilSood\screen\raw data\run2\4x_DAPI\4x_DAPI_28609_1\4x_DAPI_28609_1.2019.09.25.16.00.18.CSV,4x_DAPI_28609_1.2019.09.25.16.00.18.CSV,28609,Day0,,A2780ip2,2,2,20190916
N - 23,Summary,926,,N,23,\\CTCRFile1.ad.tamhsc.edu\CTCR-Stor1$\MDA_KatelynFosterHandley_AnilSood\screen\raw data\run2\4x_DAPI\4x_DAPI_28609_1\4x_DAPI_28609_1.2019.09.25.16.00.18.CSV,4x_DAPI_28609_1.2019.09.25.16.00.18.CSV,28609,Day0,,A2780ip2,2,2,20190916
N - 24,Summary,819,,N,24,\\CTCRFile1.ad.tamhsc.edu\CTCR-Stor1$\MDA_KatelynFosterHandley_AnilSood\screen\raw data\run2\4x_DAPI\4x_DAPI_28609_1\4x_DAPI_28609_1.2019.09.25.16.00.18.CSV,4x_DAPI_28609_1.2019.09.25.16.00.18.CSV,28609,Day0,,A2780ip2,2,2,20190916
O - 1,Summary,900,,O,1,\\CTCRFile1.ad.tamhsc.edu\CTCR-Stor1$\MDA_KatelynFosterHandley_AnilSood\screen\raw data\run2\4x_DAPI\4x_DAPI_28609_1\4x_DAPI_28609_1.2019.09.25.16.00.18.CSV,4x_DAPI_28609_1.2019.09.25.16.00.18.CSV,28609,Day0,,A2780ip2,2,2,20190916
O - 2,Summary,855,,O,2,\\CTCRFile1.ad.tamhsc.edu\CTCR-Stor1$\MDA_KatelynFosterHandley_AnilSood\screen\raw data\run2\4x_DAPI\4x_DAPI_28609_1\4x_DAPI_28609_1.2019.09.25.16.00.18.CSV,4x_DAPI_28609_1.2019.09.25.16.00.18.CSV,28609,Day0,,A2780ip2,2,2,20190916
O - 3,Summary,826,,O,3,\\CTCRFile1.ad.tamhsc.edu\CTCR-Stor1$\MDA_KatelynFosterHandley_AnilSood\screen\raw data\run2\4x_DAPI\4x_DAPI_28609_1\4x_DAPI_28609_1.2019.09.25.16.00.18.CSV,4x_DAPI_28609_1.2019.09.25.16.00.18.CSV,28609,Day0,,A2780ip2,2,2,20190916
O - 4,Summary,830,,O,4,\\CTCRFile1.ad.tamhsc.edu\CTCR-Stor1$\MDA_KatelynFosterHandley_AnilSood\screen\raw data\run2\4x_DAPI\4x_DAPI_28609_1\4x_DAPI_28609_1.2019.09.25.16.00.18.CSV,4x_DAPI_28609_1.2019.09.25.16.00.18.CSV,28609,Day0,,A2780ip2,2,2,20190916
O - 5,Summary,787,,O,5,\\CTCRFile1.ad.tamhsc.edu\CTCR-Stor1$\MDA_KatelynFosterHandley_AnilSood\screen\raw data\run2\4x_DAPI\4x_DAPI_28609_1\4x_DAPI_28609_1.2019.09.25.16.00.18.CSV,4x_DAPI_28609_1.2019.09.25.16.00.18.CSV,28609,Day0,,A2780ip2,2,2,20190916
O - 6,Summary,854,,O,6,\\CTCRFile1.ad.tamhsc.edu\CTCR-Stor1$\MDA_KatelynFosterHandley_AnilSood\screen\raw data\run2\4x_DAPI\4x_DAPI_28609_1\4x_DAPI_28609_1.2019.09.25.16.00.18.CSV,4x_DAPI_28609_1.2019.09.25.16.00.18.CSV,28609,Day0,,A2780ip2,2,2,20190916
O - 7,Summary,893,,O,7,\\CTCRFile1.ad.tamhsc.edu\CTCR-Stor1$\MDA_KatelynFosterHandley_AnilSood\screen\raw data\run2\4x_DAPI\4x_DAPI_28609_1\4x_DAPI_28609_1.2019.09.25.16.00.18.CSV,4x_DAPI_28609_1.2019.09.25.16.00.18.CSV,28609,Day0,,A2780ip2,2,2,20190916
O - 8,Summary,873,,O,8,\\CTCRFile1.ad.tamhsc.edu\CTCR-Stor1$\MDA_KatelynFosterHandley_AnilSood\screen\raw data\run2\4x_DAPI\4x_DAPI_28609_1\4x_DAPI_28609_1.2019.09.25.16.00.18.CSV,4x_DAPI_28609_1.2019.09.25.16.00.18.CSV,28609,Day0,,A2780ip2,2,2,20190916
O - 9,Summary,781,,O,9,\\CTCRFile1.ad.tamhsc.edu\CTCR-Stor1$\MDA_KatelynFosterHandley_AnilSood\screen\raw data\run2\4x_DAPI\4x_DAPI_28609_1\4x_DAPI_28609_1.2019.09.25.16.00.18.CSV,4x_DAPI_28609_1.2019.09.25.16.00.18.CSV,28609,Day0,,A2780ip2,2,2,20190916
O - 10,Summary,839,,O,10,\\CTCRFile1.ad.tamhsc.edu\CTCR-Stor1$\MDA_KatelynFosterHandley_AnilSood\screen\raw data\run2\4x_DAPI\4x_DAPI_28609_1\4x_DAPI_28609_1.2019.09.25.16.00.18.CSV,4x_DAPI_28609_1.2019.09.25.16.00.18.CSV,28609,Day0,,A2780ip2,2,2,20190916
O - 11,Summary,947,,O,11,\\CTCRFile1.ad.tamhsc.edu\CTCR-Stor1$\MDA_KatelynFosterHandley_AnilSood\screen\raw data\run2\4x_DAPI\4x_DAPI_28609_1\4x_DAPI_28609_1.2019.09.25.16.00.18.CSV,4x_DAPI_28609_1.2019.09.25.16.00.18.CSV,28609,Day0,,A2780ip2,2,2,20190916
O - 12,Summary,1008,,O,12,\\CTCRFile1.ad.tamhsc.edu\CTCR-Stor1$\MDA_KatelynFosterHandley_AnilSood\screen\raw data\run2\4x_DAPI\4x_DAPI_28609_1\4x_DAPI_28609_1.2019.09.25.16.00.18.CSV,4x_DAPI_28609_1.2019.09.25.16.00.18.CSV,28609,Day0,,A2780ip2,2,2,20190916
O - 13,Summary,859,,O,13,\\CTCRFile1.ad.tamhsc.edu\CTCR-Stor1$\MDA_KatelynFosterHandley_AnilSood\screen\raw data\run2\4x_DAPI\4x_DAPI_28609_1\4x_DAPI_28609_1.2019.09.25.16.00.18.CSV,4x_DAPI_28609_1.2019.09.25.16.00.18.CSV,28609,Day0,,A2780ip2,2,2,20190916
O - 14,Summary,834,,O,14,\\CTCRFile1.ad.tamhsc.edu\CTCR-Stor1$\MDA_KatelynFosterHandley_AnilSood\screen\raw data\run2\4x_DAPI\4x_DAPI_28609_1\4x_DAPI_28609_1.2019.09.25.16.00.18.CSV,4x_DAPI_28609_1.2019.09.25.16.00.18.CSV,28609,Day0,,A2780ip2,2,2,20190916
O - 15,Summary,854,,O,15,\\CTCRFile1.ad.tamhsc.edu\CTCR-Stor1$\MDA_KatelynFosterHandley_AnilSood\screen\raw data\run2\4x_DAPI\4x_DAPI_28609_1\4x_DAPI_28609_1.2019.09.25.16.00.18.CSV,4x_DAPI_28609_1.2019.09.25.16.00.18.CSV,28609,Day0,,A2780ip2,2,2,20190916
O - 16,Summary,829,,O,16,\\CTCRFile1.ad.tamhsc.edu\CTCR-Stor1$\MDA_KatelynFosterHandley_AnilSood\screen\raw data\run2\4x_DAPI\4x_DAPI_28609_1\4x_DAPI_28609_1.2019.09.25.16.00.18.CSV,4x_DAPI_28609_1.2019.09.25.16.00.18.CSV,28609,Day0,,A2780ip2,2,2,20190916
O - 17,Summary,978,,O,17,\\CTCRFile1.ad.tamhsc.edu\CTCR-Stor1$\MDA_KatelynFosterHandley_AnilSood\screen\raw data\run2\4x_DAPI\4x_DAPI_28609_1\4x_DAPI_28609_1.2019.09.25.16.00.18.CSV,4x_DAPI_28609_1.2019.09.25.16.00.18.CSV,28609,Day0,,A2780ip2,2,2,20190916
O - 18,Summary,929,,O,18,\\CTCRFile1.ad.tamhsc.edu\CTCR-Stor1$\MDA_KatelynFosterHandley_AnilSood\screen\raw data\run2\4x_DAPI\4x_DAPI_28609_1\4x_DAPI_28609_1.2019.09.25.16.00.18.CSV,4x_DAPI_28609_1.2019.09.25.16.00.18.CSV,28609,Day0,,A2780ip2,2,2,20190916
O - 19,Summary,927,,O,19,\\CTCRFile1.ad.tamhsc.edu\CTCR-Stor1$\MDA_KatelynFosterHandley_AnilSood\screen\raw data\run2\4x_DAPI\4x_DAPI_28609_1\4x_DAPI_28609_1.2019.09.25.16.00.18.CSV,4x_DAPI_28609_1.2019.09.25.16.00.18.CSV,28609,Day0,,A2780ip2,2,2,20190916
O - 20,Summary,909,,O,20,\\CTCRFile1.ad.tamhsc.edu\CTCR-Stor1$\MDA_KatelynFosterHandley_AnilSood\screen\raw data\run2\4x_DAPI\4x_DAPI_28609_1\4x_DAPI_28609_1.2019.09.25.16.00.18.CSV,4x_DAPI_28609_1.2019.09.25.16.00.18.CSV,28609,Day0,,A2780ip2,2,2,20190916
O - 21,Summary,911,,O,21,\\CTCRFile1.ad.tamhsc.edu\CTCR-Stor1$\MDA_KatelynFosterHandley_AnilSood\screen\raw data\run2\4x_DAPI\4x_DAPI_28609_1\4x_DAPI_28609_1.2019.09.25.16.00.18.CSV,4x_DAPI_28609_1.2019.09.25.16.00.18.CSV,28609,Day0,,A2780ip2,2,2,20190916
O - 22,Summary,904,,O,22,\\CTCRFile1.ad.tamhsc.edu\CTCR-Stor1$\MDA_KatelynFosterHandley_AnilSood\screen\raw data\run2\4x_DAPI\4x_DAPI_28609_1\4x_DAPI_28609_1.2019.09.25.16.00.18.CSV,4x_DAPI_28609_1.2019.09.25.16.00.18.CSV,28609,Day0,,A2780ip2,2,2,20190916
O - 23,Summary,1014,,O,23,\\CTCRFile1.ad.tamhsc.edu\CTCR-Stor1$\MDA_KatelynFosterHandley_AnilSood\screen\raw data\run2\4x_DAPI\4x_DAPI_28609_1\4x_DAPI_28609_1.2019.09.25.16.00.18.CSV,4x_DAPI_28609_1.2019.09.25.16.00.18.CSV,28609,Day0,,A2780ip2,2,2,20190916
O - 24,Summary,943,,O,24,\\CTCRFile1.ad.tamhsc.edu\CTCR-Stor1$\MDA_KatelynFosterHandley_AnilSood\screen\raw data\run2\4x_DAPI\4x_DAPI_28609_1\4x_DAPI_28609_1.2019.09.25.16.00.18.CSV,4x_DAPI_28609_1.2019.09.25.16.00.18.CSV,28609,Day0,,A2780ip2,2,2,20190916
P - 1,Summary,912,,P,1,\\CTCRFile1.ad.tamhsc.edu\CTCR-Stor1$\MDA_KatelynFosterHandley_AnilSood\screen\raw data\run2\4x_DAPI\4x_DAPI_28609_1\4x_DAPI_28609_1.2019.09.25.16.00.18.CSV,4x_DAPI_28609_1.2019.09.25.16.00.18.CSV,28609,Day0,,A2780ip2,2,2,20190916
P - 2,Summary,873,,P,2,\\CTCRFile1.ad.tamhsc.edu\CTCR-Stor1$\MDA_KatelynFosterHandley_AnilSood\screen\raw data\run2\4x_DAPI\4x_DAPI_28609_1\4x_DAPI_28609_1.2019.09.25.16.00.18.CSV,4x_DAPI_28609_1.2019.09.25.16.00.18.CSV,28609,Day0,,A2780ip2,2,2,20190916
P - 3,Summary,937,,P,3,\\CTCRFile1.ad.tamhsc.edu\CTCR-Stor1$\MDA_KatelynFosterHandley_AnilSood\screen\raw data\run2\4x_DAPI\4x_DAPI_28609_1\4x_DAPI_28609_1.2019.09.25.16.00.18.CSV,4x_DAPI_28609_1.2019.09.25.16.00.18.CSV,28609,Day0,,A2780ip2,2,2,20190916
P - 4,Summary,945,,P,4,\\CTCRFile1.ad.tamhsc.edu\CTCR-Stor1$\MDA_KatelynFosterHandley_AnilSood\screen\raw data\run2\4x_DAPI\4x_DAPI_28609_1\4x_DAPI_28609_1.2019.09.25.16.00.18.CSV,4x_DAPI_28609_1.2019.09.25.16.00.18.CSV,28609,Day0,,A2780ip2,2,2,20190916
P - 5,Summary,798,,P,5,\\CTCRFile1.ad.tamhsc.edu\CTCR-Stor1$\MDA_KatelynFosterHandley_AnilSood\screen\raw data\run2\4x_DAPI\4x_DAPI_28609_1\4x_DAPI_28609_1.2019.09.25.16.00.18.CSV,4x_DAPI_28609_1.2019.09.25.16.00.18.CSV,28609,Day0,,A2780ip2,2,2,20190916
P - 6,Summary,952,,P,6,\\CTCRFile1.ad.tamhsc.edu\CTCR-Stor1$\MDA_KatelynFosterHandley_AnilSood\screen\raw data\run2\4x_DAPI\4x_DAPI_28609_1\4x_DAPI_28609_1.2019.09.25.16.00.18.CSV,4x_DAPI_28609_1.2019.09.25.16.00.18.CSV,28609,Day0,,A2780ip2,2,2,20190916
P - 7,Summary,855,,P,7,\\CTCRFile1.ad.tamhsc.edu\CTCR-Stor1$\MDA_KatelynFosterHandley_AnilSood\screen\raw data\run2\4x_DAPI\4x_DAPI_28609_1\4x_DAPI_28609_1.2019.09.25.16.00.18.CSV,4x_DAPI_28609_1.2019.09.25.16.00.18.CSV,28609,Day0,,A2780ip2,2,2,20190916
P - 8,Summary,829,,P,8,\\CTCRFile1.ad.tamhsc.edu\CTCR-Stor1$\MDA_KatelynFosterHandley_AnilSood\screen\raw data\run2\4x_DAPI\4x_DAPI_28609_1\4x_DAPI_28609_1.2019.09.25.16.00.18.CSV,4x_DAPI_28609_1.2019.09.25.16.00.18.CSV,28609,Day0,,A2780ip2,2,2,20190916
P - 9,Summary,914,,P,9,\\CTCRFile1.ad.tamhsc.edu\CTCR-Stor1$\MDA_KatelynFosterHandley_AnilSood\screen\raw data\run2\4x_DAPI\4x_DAPI_28609_1\4x_DAPI_28609_1.2019.09.25.16.00.18.CSV,4x_DAPI_28609_1.2019.09.25.16.00.18.CSV,28609,Day0,,A2780ip2,2,2,20190916
P - 10,Summary,820,,P,10,\\CTCRFile1.ad.tamhsc.edu\CTCR-Stor1$\MDA_KatelynFosterHandley_AnilSood\screen\raw data\run2\4x_DAPI\4x_DAPI_28609_1\4x_DAPI_28609_1.2019.09.25.16.00.18.CSV,4x_DAPI_28609_1.2019.09.25.16.00.18.CSV,28609,Day0,,A2780ip2,2,2,20190916
P - 11,Summary,820,,P,11,\\CTCRFile1.ad.tamhsc.edu\CTCR-Stor1$\MDA_KatelynFosterHandley_AnilSood\screen\raw data\run2\4x_DAPI\4x_DAPI_28609_1\4x_DAPI_28609_1.2019.09.25.16.00.18.CSV,4x_DAPI_28609_1.2019.09.25.16.00.18.CSV,28609,Day0,,A2780ip2,2,2,20190916
P - 12,Summary,902,,P,12,\\CTCRFile1.ad.tamhsc.edu\CTCR-Stor1$\MDA_KatelynFosterHandley_AnilSood\screen\raw data\run2\4x_DAPI\4x_DAPI_28609_1\4x_DAPI_28609_1.2019.09.25.16.00.18.CSV,4x_DAPI_28609_1.2019.09.25.16.00.18.CSV,28609,Day0,,A2780ip2,2,2,20190916
P - 13,Summary,833,,P,13,\\CTCRFile1.ad.tamhsc.edu\CTCR-Stor1$\MDA_KatelynFosterHandley_AnilSood\screen\raw data\run2\4x_DAPI\4x_DAPI_28609_1\4x_DAPI_28609_1.2019.09.25.16.00.18.CSV,4x_DAPI_28609_1.2019.09.25.16.00.18.CSV,28609,Day0,,A2780ip2,2,2,20190916
P - 14,Summary,772,,P,14,\\CTCRFile1.ad.tamhsc.edu\CTCR-Stor1$\MDA_KatelynFosterHandley_AnilSood\screen\raw data\run2\4x_DAPI\4x_DAPI_28609_1\4x_DAPI_28609_1.2019.09.25.16.00.18.CSV,4x_DAPI_28609_1.2019.09.25.16.00.18.CSV,28609,Day0,,A2780ip2,2,2,20190916
P - 15,Summary,901,,P,15,\\CTCRFile1.ad.tamhsc.edu\CTCR-Stor1$\MDA_KatelynFosterHandley_AnilSood\screen\raw data\run2\4x_DAPI\4x_DAPI_28609_1\4x_DAPI_28609_1.2019.09.25.16.00.18.CSV,4x_DAPI_28609_1.2019.09.25.16.00.18.CSV,28609,Day0,,A2780ip2,2,2,20190916
P - 16,Summary,865,,P,16,\\CTCRFile1.ad.tamhsc.edu\CTCR-Stor1$\MDA_KatelynFosterHandley_AnilSood\screen\raw data\run2\4x_DAPI\4x_DAPI_28609_1\4x_DAPI_28609_1.2019.09.25.16.00.18.CSV,4x_DAPI_28609_1.2019.09.25.16.00.18.CSV,28609,Day0,,A2780ip2,2,2,20190916
P - 17,Summary,859,,P,17,\\CTCRFile1.ad.tamhsc.edu\CTCR-Stor1$\MDA_KatelynFosterHandley_AnilSood\screen\raw data\run2\4x_DAPI\4x_DAPI_28609_1\4x_DAPI_28609_1.2019.09.25.16.00.18.CSV,4x_DAPI_28609_1.2019.09.25.16.00.18.CSV,28609,Day0,,A2780ip2,2,2,20190916
P - 18,Summary,841,,P,18,\\CTCRFile1.ad.tamhsc.edu\CTCR-Stor1$\MDA_KatelynFosterHandley_AnilSood\screen\raw data\run2\4x_DAPI\4x_DAPI_28609_1\4x_DAPI_28609_1.2019.09.25.16.00.18.CSV,4x_DAPI_28609_1.2019.09.25.16.00.18.CSV,28609,Day0,,A2780ip2,2,2,20190916
P - 19,Summary,935,,P,19,\\CTCRFile1.ad.tamhsc.edu\CTCR-Stor1$\MDA_KatelynFosterHandley_AnilSood\screen\raw data\run2\4x_DAPI\4x_DAPI_28609_1\4x_DAPI_28609_1.2019.09.25.16.00.18.CSV,4x_DAPI_28609_1.2019.09.25.16.00.18.CSV,28609,Day0,,A2780ip2,2,2,20190916
P - 20,Summary,890,,P,20,\\CTCRFile1.ad.tamhsc.edu\CTCR-Stor1$\MDA_KatelynFosterHandley_AnilSood\screen\raw data\run2\4x_DAPI\4x_DAPI_28609_1\4x_DAPI_28609_1.2019.09.25.16.00.18.CSV,4x_DAPI_28609_1.2019.09.25.16.00.18.CSV,28609,Day0,,A2780ip2,2,2,20190916
P - 21,Summary,882,,P,21,\\CTCRFile1.ad.tamhsc.edu\CTCR-Stor1$\MDA_KatelynFosterHandley_AnilSood\screen\raw data\run2\4x_DAPI\4x_DAPI_28609_1\4x_DAPI_28609_1.2019.09.25.16.00.18.CSV,4x_DAPI_28609_1.2019.09.25.16.00.18.CSV,28609,Day0,,A2780ip2,2,2,20190916
P - 22,Summary,869,,P,22,\\CTCRFile1.ad.tamhsc.edu\CTCR-Stor1$\MDA_KatelynFosterHandley_AnilSood\screen\raw data\run2\4x_DAPI\4x_DAPI_28609_1\4x_DAPI_28609_1.2019.09.25.16.00.18.CSV,4x_DAPI_28609_1.2019.09.25.16.00.18.CSV,28609,Day0,,A2780ip2,2,2,20190916
P - 23,Summary,925,,P,23,\\CTCRFile1.ad.tamhsc.edu\CTCR-Stor1$\MDA_KatelynFosterHandley_AnilSood\screen\raw data\run2\4x_DAPI\4x_DAPI_28609_1\4x_DAPI_28609_1.2019.09.25.16.00.18.CSV,4x_DAPI_28609_1.2019.09.25.16.00.18.CSV,28609,Day0,,A2780ip2,2,2,20190916
P - 24,Summary,871,,P,24,\\CTCRFile1.ad.tamhsc.edu\CTCR-Stor1$\MDA_KatelynFosterHandley_AnilSood\screen\raw data\run2\4x_DAPI\4x_DAPI_28609_1\4x_DAPI_28609_1.2019.09.25.16.00.18.CSV,4x_DAPI_28609_1.2019.09.25.16.00.18.CSV,28609,Day0,,A2780ip2,2,2,20190916
